wdpa_id,landcover_class,date,landcover_area_ha
12226,bare_vegetation,2015-01-01,60
197,built_up,2015-01-01,50
227,built_up,2015-01-01,50
3305,built_up,2015-01-01,150
3306,built_up,2015-01-01,50
3307,built_up,2015-01-01,50
3314,built_up,2015-01-01,50
12226,built_up,2015-01-01,50
12229,built_up,2015-01-01,50
12570,built_up,2015-01-01,50
12572,built_up,2015-01-01,50
20224,built_up,2015-01-01,50
20230,built_up,2015-01-01,50
28850,built_up,2015-01-01,50
30604,built_up,2015-01-01,50
30605,built_up,2015-01-01,50
30606,built_up,2015-01-01,50
30614,built_up,2015-01-01,100
30618,built_up,2015-01-01,200
67670,built_up,2015-01-01,50
102910,built_up,2015-01-01,50
107569,built_up,2015-01-01,50
115079,built_up,2015-01-01,50
116297,built_up,2015-01-01,50
220034,built_up,2015-01-01,50
301932,built_up,2015-01-01,50
302086,built_up,2015-01-01,50
306780,built_up,2015-01-01,100
342347,built_up,2015-01-01,100
902858,built_up,2015-01-01,50
20230,closed_forest_deciduous_broad_leaf,2015-01-01,114
30614,closed_forest_deciduous_broad_leaf,2015-01-01,114
30618,closed_forest_deciduous_broad_leaf,2015-01-01,114
116297,closed_forest_deciduous_broad_leaf,2015-01-01,114
342347,closed_forest_deciduous_broad_leaf,2015-01-01,228
902858,closed_forest_deciduous_broad_leaf,2015-01-01,114
197,closed_forest_evergreen_broad_leaf,2015-01-01,224
227,closed_forest_evergreen_broad_leaf,2015-01-01,888
3305,closed_forest_evergreen_broad_leaf,2015-01-01,2834
3306,closed_forest_evergreen_broad_leaf,2015-01-01,784
3307,closed_forest_evergreen_broad_leaf,2015-01-01,808
3311,closed_forest_evergreen_broad_leaf,2015-01-01,538
3314,closed_forest_evergreen_broad_leaf,2015-01-01,224
12226,closed_forest_evergreen_broad_leaf,2015-01-01,3160
12229,closed_forest_evergreen_broad_leaf,2015-01-01,360
12241,closed_forest_evergreen_broad_leaf,2015-01-01,112
12570,closed_forest_evergreen_broad_leaf,2015-01-01,538
12572,closed_forest_evergreen_broad_leaf,2015-01-01,538
20224,closed_forest_evergreen_broad_leaf,2015-01-01,3410
20230,closed_forest_evergreen_broad_leaf,2015-01-01,1714
28850,closed_forest_evergreen_broad_leaf,2015-01-01,112
30604,closed_forest_evergreen_broad_leaf,2015-01-01,112
30605,closed_forest_evergreen_broad_leaf,2015-01-01,3562
30606,closed_forest_evergreen_broad_leaf,2015-01-01,1596
30614,closed_forest_evergreen_broad_leaf,2015-01-01,2312
30618,closed_forest_evergreen_broad_leaf,2015-01-01,7962
67670,closed_forest_evergreen_broad_leaf,2015-01-01,784
102817,closed_forest_evergreen_broad_leaf,2015-01-01,112
102910,closed_forest_evergreen_broad_leaf,2015-01-01,1098
107569,closed_forest_evergreen_broad_leaf,2015-01-01,4160
115079,closed_forest_evergreen_broad_leaf,2015-01-01,986
116297,closed_forest_evergreen_broad_leaf,2015-01-01,1354
220034,closed_forest_evergreen_broad_leaf,2015-01-01,986
301932,closed_forest_evergreen_broad_leaf,2015-01-01,1490
302086,closed_forest_evergreen_broad_leaf,2015-01-01,672
306780,closed_forest_evergreen_broad_leaf,2015-01-01,560
342347,closed_forest_evergreen_broad_leaf,2015-01-01,6632
902858,closed_forest_evergreen_broad_leaf,2015-01-01,5304
227,closed_forest_mixed,2015-01-01,115
12226,closed_forest_mixed,2015-01-01,115
12229,closed_forest_mixed,2015-01-01,115
30605,closed_forest_mixed,2015-01-01,115
107569,closed_forest_mixed,2015-01-01,115
306780,closed_forest_mixed,2015-01-01,115
197,closed_forest_unknown,2015-01-01,116
227,closed_forest_unknown,2015-01-01,1134
3305,closed_forest_unknown,2015-01-01,348
3306,closed_forest_unknown,2015-01-01,116
3307,closed_forest_unknown,2015-01-01,232
3311,closed_forest_unknown,2015-01-01,438
3314,closed_forest_unknown,2015-01-01,116
12226,closed_forest_unknown,2015-01-01,1044
12229,closed_forest_unknown,2015-01-01,116
12241,closed_forest_unknown,2015-01-01,116
12570,closed_forest_unknown,2015-01-01,438
12572,closed_forest_unknown,2015-01-01,1018
20224,closed_forest_unknown,2015-01-01,1230
20230,closed_forest_unknown,2015-01-01,116
28850,closed_forest_unknown,2015-01-01,116
30604,closed_forest_unknown,2015-01-01,232
30605,closed_forest_unknown,2015-01-01,1166
30606,closed_forest_unknown,2015-01-01,116
30614,closed_forest_unknown,2015-01-01,232
30618,closed_forest_unknown,2015-01-01,3558
67670,closed_forest_unknown,2015-01-01,1160
102817,closed_forest_unknown,2015-01-01,116
102910,closed_forest_unknown,2015-01-01,680
107569,closed_forest_unknown,2015-01-01,1768
115079,closed_forest_unknown,2015-01-01,786
116297,closed_forest_unknown,2015-01-01,116
220034,closed_forest_unknown,2015-01-01,1140
301932,closed_forest_unknown,2015-01-01,116
302086,closed_forest_unknown,2015-01-01,902
306780,closed_forest_unknown,2015-01-01,232
342347,closed_forest_unknown,2015-01-01,1412
902858,closed_forest_unknown,2015-01-01,630
197,cropland,2015-01-01,40
227,cropland,2015-01-01,730
3305,cropland,2015-01-01,120
3306,cropland,2015-01-01,40
3307,cropland,2015-01-01,250
3311,cropland,2015-01-01,170
3314,cropland,2015-01-01,120
12226,cropland,2015-01-01,330
12229,cropland,2015-01-01,120
12241,cropland,2015-01-01,40
12570,cropland,2015-01-01,40
12572,cropland,2015-01-01,330
20224,cropland,2015-01-01,500
20230,cropland,2015-01-01,40
28850,cropland,2015-01-01,130
30604,cropland,2015-01-01,40
30605,cropland,2015-01-01,766
30606,cropland,2015-01-01,40
30614,cropland,2015-01-01,210
30618,cropland,2015-01-01,3042
67670,cropland,2015-01-01,540
102910,cropland,2015-01-01,210
107569,cropland,2015-01-01,666
115079,cropland,2015-01-01,170
116297,cropland,2015-01-01,80
220034,cropland,2015-01-01,40
301932,cropland,2015-01-01,120
302086,cropland,2015-01-01,210
306780,cropland,2015-01-01,80
342347,cropland,2015-01-01,180
902858,cropland,2015-01-01,460
197,herbaceous_vegetation,2015-01-01,120
227,herbaceous_vegetation,2015-01-01,986
3305,herbaceous_vegetation,2015-01-01,990
3306,herbaceous_vegetation,2015-01-01,240
3307,herbaceous_vegetation,2015-01-01,190
3311,herbaceous_vegetation,2015-01-01,470
3314,herbaceous_vegetation,2015-01-01,210
12226,herbaceous_vegetation,2015-01-01,1110
12229,herbaceous_vegetation,2015-01-01,200
12241,herbaceous_vegetation,2015-01-01,210
12570,herbaceous_vegetation,2015-01-01,156
12572,herbaceous_vegetation,2015-01-01,60
20224,herbaceous_vegetation,2015-01-01,400
20230,herbaceous_vegetation,2015-01-01,240
28850,herbaceous_vegetation,2015-01-01,210
30604,herbaceous_vegetation,2015-01-01,30
30605,herbaceous_vegetation,2015-01-01,1172
30606,herbaceous_vegetation,2015-01-01,150
30614,herbaceous_vegetation,2015-01-01,180
30618,herbaceous_vegetation,2015-01-01,2700
67670,herbaceous_vegetation,2015-01-01,720
102910,herbaceous_vegetation,2015-01-01,270
107569,herbaceous_vegetation,2015-01-01,1286
115079,herbaceous_vegetation,2015-01-01,276
116297,herbaceous_vegetation,2015-01-01,500
220034,herbaceous_vegetation,2015-01-01,1490
301932,herbaceous_vegetation,2015-01-01,380
302086,herbaceous_vegetation,2015-01-01,426
306780,herbaceous_vegetation,2015-01-01,60
342347,herbaceous_vegetation,2015-01-01,360
902858,herbaceous_vegetation,2015-01-01,686
197,herbaceous_wetland,2015-01-01,690
227,herbaceous_wetland,2015-01-01,1370
3305,herbaceous_wetland,2015-01-01,1790
3306,herbaceous_wetland,2015-01-01,760
3307,herbaceous_wetland,2015-01-01,90
3311,herbaceous_wetland,2015-01-01,1360
3314,herbaceous_wetland,2015-01-01,180
12226,herbaceous_wetland,2015-01-01,1930
12229,herbaceous_wetland,2015-01-01,90
12241,herbaceous_wetland,2015-01-01,90
12570,herbaceous_wetland,2015-01-01,790
12572,herbaceous_wetland,2015-01-01,960
20224,herbaceous_wetland,2015-01-01,1580
20230,herbaceous_wetland,2015-01-01,760
28850,herbaceous_wetland,2015-01-01,90
30604,herbaceous_wetland,2015-01-01,520
30605,herbaceous_wetland,2015-01-01,3050
30606,herbaceous_wetland,2015-01-01,90
30614,herbaceous_wetland,2015-01-01,90
30618,herbaceous_wetland,2015-01-01,2890
67670,herbaceous_wetland,2015-01-01,1120
102817,herbaceous_wetland,2015-01-01,90
102910,herbaceous_wetland,2015-01-01,1400
107569,herbaceous_wetland,2015-01-01,4506
115079,herbaceous_wetland,2015-01-01,1310
116297,herbaceous_wetland,2015-01-01,930
220034,herbaceous_wetland,2015-01-01,1756
301932,herbaceous_wetland,2015-01-01,510
302086,herbaceous_wetland,2015-01-01,970
306780,herbaceous_wetland,2015-01-01,180
342347,herbaceous_wetland,2015-01-01,520
902858,herbaceous_wetland,2015-01-01,1360
3311,no_data,2015-01-01,0
12241,no_data,2015-01-01,0
20230,no_data,2015-01-01,0
28850,no_data,2015-01-01,0
20230,open_forest_deciduous_broad_leaf,2015-01-01,124
30614,open_forest_deciduous_broad_leaf,2015-01-01,124
30618,open_forest_deciduous_broad_leaf,2015-01-01,124
116297,open_forest_deciduous_broad_leaf,2015-01-01,124
342347,open_forest_deciduous_broad_leaf,2015-01-01,248
902858,open_forest_deciduous_broad_leaf,2015-01-01,124
197,open_forest_evergreen_broad_leaf,2015-01-01,244
227,open_forest_evergreen_broad_leaf,2015-01-01,460
3305,open_forest_evergreen_broad_leaf,2015-01-01,3424
3306,open_forest_evergreen_broad_leaf,2015-01-01,1464
3307,open_forest_evergreen_broad_leaf,2015-01-01,614
3311,open_forest_evergreen_broad_leaf,2015-01-01,456
3314,open_forest_evergreen_broad_leaf,2015-01-01,334
12226,open_forest_evergreen_broad_leaf,2015-01-01,948
12229,open_forest_evergreen_broad_leaf,2015-01-01,248
12241,open_forest_evergreen_broad_leaf,2015-01-01,122
12570,open_forest_evergreen_broad_leaf,2015-01-01,578
12572,open_forest_evergreen_broad_leaf,2015-01-01,578
20224,open_forest_evergreen_broad_leaf,2015-01-01,1212
20230,open_forest_evergreen_broad_leaf,2015-01-01,2082
28850,open_forest_evergreen_broad_leaf,2015-01-01,244
30604,open_forest_evergreen_broad_leaf,2015-01-01,456
30605,open_forest_evergreen_broad_leaf,2015-01-01,1228
30606,open_forest_evergreen_broad_leaf,2015-01-01,366
30614,open_forest_evergreen_broad_leaf,2015-01-01,1632
30618,open_forest_evergreen_broad_leaf,2015-01-01,6374
67670,open_forest_evergreen_broad_leaf,2015-01-01,578
102817,open_forest_evergreen_broad_leaf,2015-01-01,212
102910,open_forest_evergreen_broad_leaf,2015-01-01,690
107569,open_forest_evergreen_broad_leaf,2015-01-01,1846
115079,open_forest_evergreen_broad_leaf,2015-01-01,822
116297,open_forest_evergreen_broad_leaf,2015-01-01,1952
220034,open_forest_evergreen_broad_leaf,2015-01-01,822
301932,open_forest_evergreen_broad_leaf,2015-01-01,1716
302086,open_forest_evergreen_broad_leaf,2015-01-01,456
306780,open_forest_evergreen_broad_leaf,2015-01-01,546
342347,open_forest_evergreen_broad_leaf,2015-01-01,1156
902858,open_forest_evergreen_broad_leaf,2015-01-01,3106
197,open_forest_unknown,2015-01-01,1258
227,open_forest_unknown,2015-01-01,3326
3305,open_forest_unknown,2015-01-01,5310
3306,open_forest_unknown,2015-01-01,2480
3307,open_forest_unknown,2015-01-01,1002
3311,open_forest_unknown,2015-01-01,720
3314,open_forest_unknown,2015-01-01,594
12226,open_forest_unknown,2015-01-01,2136
12229,open_forest_unknown,2015-01-01,1254
12241,open_forest_unknown,2015-01-01,594
12570,open_forest_unknown,2015-01-01,1294
12572,open_forest_unknown,2015-01-01,1934
20224,open_forest_unknown,2015-01-01,1974
20230,open_forest_unknown,2015-01-01,2980
28850,open_forest_unknown,2015-01-01,594
30604,open_forest_unknown,2015-01-01,684
30605,open_forest_unknown,2015-01-01,4084
30606,open_forest_unknown,2015-01-01,832
30614,open_forest_unknown,2015-01-01,1922
30618,open_forest_unknown,2015-01-01,14548
67670,open_forest_unknown,2015-01-01,3074
102817,open_forest_unknown,2015-01-01,468
102910,open_forest_unknown,2015-01-01,2324
107569,open_forest_unknown,2015-01-01,5042
115079,open_forest_unknown,2015-01-01,1924
116297,open_forest_unknown,2015-01-01,3442
220034,open_forest_unknown,2015-01-01,1916
301932,open_forest_unknown,2015-01-01,2324
302086,open_forest_unknown,2015-01-01,2474
306780,open_forest_unknown,2015-01-01,1062
342347,open_forest_unknown,2015-01-01,1692
902858,open_forest_unknown,2015-01-01,5318
3311,open_sea,2015-01-01,200
12226,open_sea,2015-01-01,200
220034,open_sea,2015-01-01,200
197,permanent_water_bodies,2015-01-01,320
227,permanent_water_bodies,2015-01-01,1360
3305,permanent_water_bodies,2015-01-01,820
3306,permanent_water_bodies,2015-01-01,420
3311,permanent_water_bodies,2015-01-01,1360
3314,permanent_water_bodies,2015-01-01,270
12226,permanent_water_bodies,2015-01-01,1270
12570,permanent_water_bodies,2015-01-01,1120
12572,permanent_water_bodies,2015-01-01,1120
20224,permanent_water_bodies,2015-01-01,1190
20230,permanent_water_bodies,2015-01-01,420
30604,permanent_water_bodies,2015-01-01,260
30605,permanent_water_bodies,2015-01-01,1940
30618,permanent_water_bodies,2015-01-01,2400
67670,permanent_water_bodies,2015-01-01,1190
102910,permanent_water_bodies,2015-01-01,1120
107569,permanent_water_bodies,2015-01-01,1940
115079,permanent_water_bodies,2015-01-01,1200
116297,permanent_water_bodies,2015-01-01,410
220034,permanent_water_bodies,2015-01-01,1280
301932,permanent_water_bodies,2015-01-01,160
302086,permanent_water_bodies,2015-01-01,430
342347,permanent_water_bodies,2015-01-01,640
902858,permanent_water_bodies,2015-01-01,1190
197,shrubs,2015-01-01,210
227,shrubs,2015-01-01,730
3305,shrubs,2015-01-01,596
3306,shrubs,2015-01-01,230
3307,shrubs,2015-01-01,80
3311,shrubs,2015-01-01,170
3314,shrubs,2015-01-01,170
12226,shrubs,2015-01-01,450
12229,shrubs,2015-01-01,150
12241,shrubs,2015-01-01,170
12570,shrubs,2015-01-01,256
12572,shrubs,2015-01-01,330
20224,shrubs,2015-01-01,650
20230,shrubs,2015-01-01,250
28850,shrubs,2015-01-01,170
30604,shrubs,2015-01-01,60
30605,shrubs,2015-01-01,670
30606,shrubs,2015-01-01,40
30614,shrubs,2015-01-01,260
30618,shrubs,2015-01-01,3016
67670,shrubs,2015-01-01,930
102817,shrubs,2015-01-01,60
102910,shrubs,2015-01-01,310
107569,shrubs,2015-01-01,752
115079,shrubs,2015-01-01,296
116297,shrubs,2015-01-01,270
220034,shrubs,2015-01-01,770
301932,shrubs,2015-01-01,266
302086,shrubs,2015-01-01,456
306780,shrubs,2015-01-01,260
342347,shrubs,2015-01-01,300
902858,shrubs,2015-01-01,798
12226,bare_vegetation,2016-01-01,60
197,built_up,2016-01-01,50
227,built_up,2016-01-01,50
3305,built_up,2016-01-01,150
3306,built_up,2016-01-01,50
3307,built_up,2016-01-01,50
3314,built_up,2016-01-01,50
12226,built_up,2016-01-01,50
12229,built_up,2016-01-01,50
12570,built_up,2016-01-01,50
12572,built_up,2016-01-01,50
20224,built_up,2016-01-01,50
20230,built_up,2016-01-01,50
28850,built_up,2016-01-01,50
30604,built_up,2016-01-01,50
30605,built_up,2016-01-01,50
30606,built_up,2016-01-01,50
30614,built_up,2016-01-01,100
30618,built_up,2016-01-01,200
67670,built_up,2016-01-01,50
102910,built_up,2016-01-01,50
107569,built_up,2016-01-01,50
115079,built_up,2016-01-01,50
116297,built_up,2016-01-01,50
220034,built_up,2016-01-01,50
301932,built_up,2016-01-01,50
302086,built_up,2016-01-01,50
306780,built_up,2016-01-01,100
342347,built_up,2016-01-01,100
902858,built_up,2016-01-01,50
20230,closed_forest_deciduous_broad_leaf,2016-01-01,114
30614,closed_forest_deciduous_broad_leaf,2016-01-01,114
30618,closed_forest_deciduous_broad_leaf,2016-01-01,114
116297,closed_forest_deciduous_broad_leaf,2016-01-01,114
342347,closed_forest_deciduous_broad_leaf,2016-01-01,228
902858,closed_forest_deciduous_broad_leaf,2016-01-01,114
197,closed_forest_evergreen_broad_leaf,2016-01-01,202
227,closed_forest_evergreen_broad_leaf,2016-01-01,800
3305,closed_forest_evergreen_broad_leaf,2016-01-01,2870
3306,closed_forest_evergreen_broad_leaf,2016-01-01,816
3307,closed_forest_evergreen_broad_leaf,2016-01-01,850
3311,closed_forest_evergreen_broad_leaf,2016-01-01,516
3314,closed_forest_evergreen_broad_leaf,2016-01-01,202
12226,closed_forest_evergreen_broad_leaf,2016-01-01,2914
12229,closed_forest_evergreen_broad_leaf,2016-01-01,360
12241,closed_forest_evergreen_broad_leaf,2016-01-01,112
12570,closed_forest_evergreen_broad_leaf,2016-01-01,516
12572,closed_forest_evergreen_broad_leaf,2016-01-01,516
20224,closed_forest_evergreen_broad_leaf,2016-01-01,3132
20230,closed_forest_evergreen_broad_leaf,2016-01-01,1750
28850,closed_forest_evergreen_broad_leaf,2016-01-01,112
30604,closed_forest_evergreen_broad_leaf,2016-01-01,112
30605,closed_forest_evergreen_broad_leaf,2016-01-01,3264
30606,closed_forest_evergreen_broad_leaf,2016-01-01,1574
30614,closed_forest_evergreen_broad_leaf,2016-01-01,1676
30618,closed_forest_evergreen_broad_leaf,2016-01-01,6884
67670,closed_forest_evergreen_broad_leaf,2016-01-01,784
102817,closed_forest_evergreen_broad_leaf,2016-01-01,112
102910,closed_forest_evergreen_broad_leaf,2016-01-01,1076
107569,closed_forest_evergreen_broad_leaf,2016-01-01,3710
115079,closed_forest_evergreen_broad_leaf,2016-01-01,964
116297,closed_forest_evergreen_broad_leaf,2016-01-01,1320
220034,closed_forest_evergreen_broad_leaf,2016-01-01,964
301932,closed_forest_evergreen_broad_leaf,2016-01-01,1460
302086,closed_forest_evergreen_broad_leaf,2016-01-01,672
306780,closed_forest_evergreen_broad_leaf,2016-01-01,538
342347,closed_forest_evergreen_broad_leaf,2016-01-01,5276
902858,closed_forest_evergreen_broad_leaf,2016-01-01,4236
227,closed_forest_mixed,2016-01-01,115
12226,closed_forest_mixed,2016-01-01,115
12229,closed_forest_mixed,2016-01-01,115
30605,closed_forest_mixed,2016-01-01,115
107569,closed_forest_mixed,2016-01-01,115
306780,closed_forest_mixed,2016-01-01,115
197,closed_forest_unknown,2016-01-01,116
227,closed_forest_unknown,2016-01-01,1072
3305,closed_forest_unknown,2016-01-01,348
3306,closed_forest_unknown,2016-01-01,116
3307,closed_forest_unknown,2016-01-01,232
3311,closed_forest_unknown,2016-01-01,412
3314,closed_forest_unknown,2016-01-01,116
12226,closed_forest_unknown,2016-01-01,1050
12229,closed_forest_unknown,2016-01-01,116
12241,closed_forest_unknown,2016-01-01,116
12570,closed_forest_unknown,2016-01-01,412
12572,closed_forest_unknown,2016-01-01,992
20224,closed_forest_unknown,2016-01-01,1260
20230,closed_forest_unknown,2016-01-01,116
28850,closed_forest_unknown,2016-01-01,116
30604,closed_forest_unknown,2016-01-01,232
30605,closed_forest_unknown,2016-01-01,1176
30606,closed_forest_unknown,2016-01-01,116
30614,closed_forest_unknown,2016-01-01,232
30618,closed_forest_unknown,2016-01-01,3430
67670,closed_forest_unknown,2016-01-01,1134
102817,closed_forest_unknown,2016-01-01,116
102910,closed_forest_unknown,2016-01-01,654
107569,closed_forest_unknown,2016-01-01,1572
115079,closed_forest_unknown,2016-01-01,760
116297,closed_forest_unknown,2016-01-01,116
220034,closed_forest_unknown,2016-01-01,1114
301932,closed_forest_unknown,2016-01-01,116
302086,closed_forest_unknown,2016-01-01,882
306780,closed_forest_unknown,2016-01-01,232
342347,closed_forest_unknown,2016-01-01,1452
902858,closed_forest_unknown,2016-01-01,594
197,cropland,2016-01-01,40
227,cropland,2016-01-01,880
3305,cropland,2016-01-01,120
3306,cropland,2016-01-01,40
3307,cropland,2016-01-01,310
3311,cropland,2016-01-01,170
3314,cropland,2016-01-01,120
12226,cropland,2016-01-01,390
12229,cropland,2016-01-01,130
12241,cropland,2016-01-01,40
12570,cropland,2016-01-01,40
12572,cropland,2016-01-01,430
20224,cropland,2016-01-01,606
20230,cropland,2016-01-01,40
28850,cropland,2016-01-01,130
30604,cropland,2016-01-01,40
30605,cropland,2016-01-01,826
30606,cropland,2016-01-01,40
30614,cropland,2016-01-01,210
30618,cropland,2016-01-01,3518
67670,cropland,2016-01-01,710
102910,cropland,2016-01-01,260
107569,cropland,2016-01-01,802
115079,cropland,2016-01-01,220
116297,cropland,2016-01-01,80
220034,cropland,2016-01-01,40
301932,cropland,2016-01-01,120
302086,cropland,2016-01-01,210
306780,cropland,2016-01-01,80
342347,cropland,2016-01-01,180
902858,cropland,2016-01-01,626
197,herbaceous_vegetation,2016-01-01,120
227,herbaceous_vegetation,2016-01-01,1116
3305,herbaceous_vegetation,2016-01-01,1386
3306,herbaceous_vegetation,2016-01-01,636
3307,herbaceous_vegetation,2016-01-01,210
3311,herbaceous_vegetation,2016-01-01,520
3314,herbaceous_vegetation,2016-01-01,270
12226,herbaceous_vegetation,2016-01-01,1300
12229,herbaceous_vegetation,2016-01-01,220
12241,herbaceous_vegetation,2016-01-01,270
12570,herbaceous_vegetation,2016-01-01,156
12572,herbaceous_vegetation,2016-01-01,120
20224,herbaceous_vegetation,2016-01-01,470
20230,herbaceous_vegetation,2016-01-01,636
28850,herbaceous_vegetation,2016-01-01,270
30604,herbaceous_vegetation,2016-01-01,30
30605,herbaceous_vegetation,2016-01-01,1146
30606,herbaceous_vegetation,2016-01-01,210
30614,herbaceous_vegetation,2016-01-01,190
30618,herbaceous_vegetation,2016-01-01,3208
67670,herbaceous_vegetation,2016-01-01,920
102910,herbaceous_vegetation,2016-01-01,330
107569,herbaceous_vegetation,2016-01-01,1526
115079,herbaceous_vegetation,2016-01-01,336
116297,herbaceous_vegetation,2016-01-01,896
220034,herbaceous_vegetation,2016-01-01,1810
301932,herbaceous_vegetation,2016-01-01,568
302086,herbaceous_vegetation,2016-01-01,502
306780,herbaceous_vegetation,2016-01-01,60
342347,herbaceous_vegetation,2016-01-01,480
902858,herbaceous_vegetation,2016-01-01,928
197,herbaceous_wetland,2016-01-01,680
227,herbaceous_wetland,2016-01-01,1370
3305,herbaceous_wetland,2016-01-01,1760
3306,herbaceous_wetland,2016-01-01,750
3307,herbaceous_wetland,2016-01-01,90
3311,herbaceous_wetland,2016-01-01,1360
3314,herbaceous_wetland,2016-01-01,170
12226,herbaceous_wetland,2016-01-01,2010
12229,herbaceous_wetland,2016-01-01,90
12241,herbaceous_wetland,2016-01-01,90
12570,herbaceous_wetland,2016-01-01,770
12572,herbaceous_wetland,2016-01-01,930
20224,herbaceous_wetland,2016-01-01,1580
20230,herbaceous_wetland,2016-01-01,750
28850,herbaceous_wetland,2016-01-01,90
30604,herbaceous_wetland,2016-01-01,500
30605,herbaceous_wetland,2016-01-01,3008
30606,herbaceous_wetland,2016-01-01,90
30614,herbaceous_wetland,2016-01-01,90
30618,herbaceous_wetland,2016-01-01,2850
67670,herbaceous_wetland,2016-01-01,1090
102817,herbaceous_wetland,2016-01-01,90
102910,herbaceous_wetland,2016-01-01,1380
107569,herbaceous_wetland,2016-01-01,4180
115079,herbaceous_wetland,2016-01-01,1290
116297,herbaceous_wetland,2016-01-01,920
220034,herbaceous_wetland,2016-01-01,1756
301932,herbaceous_wetland,2016-01-01,500
302086,herbaceous_wetland,2016-01-01,960
306780,herbaceous_wetland,2016-01-01,180
342347,herbaceous_wetland,2016-01-01,520
902858,herbaceous_wetland,2016-01-01,1360
3311,no_data,2016-01-01,0
12241,no_data,2016-01-01,0
20230,no_data,2016-01-01,0
28850,no_data,2016-01-01,0
20230,open_forest_deciduous_broad_leaf,2016-01-01,124
30614,open_forest_deciduous_broad_leaf,2016-01-01,124
30618,open_forest_deciduous_broad_leaf,2016-01-01,124
116297,open_forest_deciduous_broad_leaf,2016-01-01,124
342347,open_forest_deciduous_broad_leaf,2016-01-01,248
902858,open_forest_deciduous_broad_leaf,2016-01-01,124
197,open_forest_evergreen_broad_leaf,2016-01-01,212
227,open_forest_evergreen_broad_leaf,2016-01-01,354
3305,open_forest_evergreen_broad_leaf,2016-01-01,3242
3306,open_forest_evergreen_broad_leaf,2016-01-01,1286
3307,open_forest_evergreen_broad_leaf,2016-01-01,614
3311,open_forest_evergreen_broad_leaf,2016-01-01,424
3314,open_forest_evergreen_broad_leaf,2016-01-01,334
12226,open_forest_evergreen_broad_leaf,2016-01-01,752
12229,open_forest_evergreen_broad_leaf,2016-01-01,248
12241,open_forest_evergreen_broad_leaf,2016-01-01,122
12570,open_forest_evergreen_broad_leaf,2016-01-01,546
12572,open_forest_evergreen_broad_leaf,2016-01-01,546
20224,open_forest_evergreen_broad_leaf,2016-01-01,1200
20230,open_forest_evergreen_broad_leaf,2016-01-01,1900
28850,open_forest_evergreen_broad_leaf,2016-01-01,244
30604,open_forest_evergreen_broad_leaf,2016-01-01,424
30605,open_forest_evergreen_broad_leaf,2016-01-01,1122
30606,open_forest_evergreen_broad_leaf,2016-01-01,334
30614,open_forest_evergreen_broad_leaf,2016-01-01,1020
30618,open_forest_evergreen_broad_leaf,2016-01-01,5478
67670,open_forest_evergreen_broad_leaf,2016-01-01,578
102817,open_forest_evergreen_broad_leaf,2016-01-01,212
102910,open_forest_evergreen_broad_leaf,2016-01-01,658
107569,open_forest_evergreen_broad_leaf,2016-01-01,1642
115079,open_forest_evergreen_broad_leaf,2016-01-01,790
116297,open_forest_evergreen_broad_leaf,2016-01-01,1702
220034,open_forest_evergreen_broad_leaf,2016-01-01,790
301932,open_forest_evergreen_broad_leaf,2016-01-01,1618
302086,open_forest_evergreen_broad_leaf,2016-01-01,456
306780,open_forest_evergreen_broad_leaf,2016-01-01,514
342347,open_forest_evergreen_broad_leaf,2016-01-01,992
902858,open_forest_evergreen_broad_leaf,2016-01-01,2348
197,open_forest_unknown,2016-01-01,1140
227,open_forest_unknown,2016-01-01,2862
3305,open_forest_unknown,2016-01-01,4828
3306,open_forest_unknown,2016-01-01,2100
3307,open_forest_unknown,2016-01-01,906
3311,open_forest_unknown,2016-01-01,638
3314,open_forest_unknown,2016-01-01,558
12226,open_forest_unknown,2016-01-01,1564
12229,open_forest_unknown,2016-01-01,1218
12241,open_forest_unknown,2016-01-01,558
12570,open_forest_unknown,2016-01-01,1152
12572,open_forest_unknown,2016-01-01,1770
20224,open_forest_unknown,2016-01-01,1762
20230,open_forest_unknown,2016-01-01,2498
28850,open_forest_unknown,2016-01-01,558
30604,open_forest_unknown,2016-01-01,638
30605,open_forest_unknown,2016-01-01,3122
30606,open_forest_unknown,2016-01-01,796
30614,open_forest_unknown,2016-01-01,1452
30618,open_forest_unknown,2016-01-01,12312
67670,open_forest_unknown,2016-01-01,2854
102817,open_forest_unknown,2016-01-01,432
102910,open_forest_unknown,2016-01-01,2024
107569,open_forest_unknown,2016-01-01,4120
115079,open_forest_unknown,2016-01-01,1782
116297,open_forest_unknown,2016-01-01,2890
220034,open_forest_unknown,2016-01-01,1808
301932,open_forest_unknown,2016-01-01,2032
302086,open_forest_unknown,2016-01-01,2198
306780,open_forest_unknown,2016-01-01,990
342347,open_forest_unknown,2016-01-01,1620
902858,open_forest_unknown,2016-01-01,4488
3311,open_sea,2016-01-01,200
12226,open_sea,2016-01-01,200
220034,open_sea,2016-01-01,200
197,permanent_water_bodies,2016-01-01,330
227,permanent_water_bodies,2016-01-01,1360
3305,permanent_water_bodies,2016-01-01,800
3306,permanent_water_bodies,2016-01-01,400
3311,permanent_water_bodies,2016-01-01,1360
3314,permanent_water_bodies,2016-01-01,250
12226,permanent_water_bodies,2016-01-01,1280
12570,permanent_water_bodies,2016-01-01,1090
12572,permanent_water_bodies,2016-01-01,1090
20224,permanent_water_bodies,2016-01-01,1180
20230,permanent_water_bodies,2016-01-01,400
30604,permanent_water_bodies,2016-01-01,240
30605,permanent_water_bodies,2016-01-01,1880
30618,permanent_water_bodies,2016-01-01,2370
67670,permanent_water_bodies,2016-01-01,1180
102910,permanent_water_bodies,2016-01-01,1100
107569,permanent_water_bodies,2016-01-01,1760
115079,permanent_water_bodies,2016-01-01,1180
116297,permanent_water_bodies,2016-01-01,400
220034,permanent_water_bodies,2016-01-01,1270
301932,permanent_water_bodies,2016-01-01,160
302086,permanent_water_bodies,2016-01-01,430
342347,permanent_water_bodies,2016-01-01,680
902858,permanent_water_bodies,2016-01-01,1180
197,shrubs,2016-01-01,220
227,shrubs,2016-01-01,1120
3305,shrubs,2016-01-01,1000
3306,shrubs,2016-01-01,634
3307,shrubs,2016-01-01,80
3311,shrubs,2016-01-01,240
3314,shrubs,2016-01-01,240
12226,shrubs,2016-01-01,530
12229,shrubs,2016-01-01,220
12241,shrubs,2016-01-01,240
12570,shrubs,2016-01-01,326
12572,shrubs,2016-01-01,590
20224,shrubs,2016-01-01,1080
20230,shrubs,2016-01-01,654
28850,shrubs,2016-01-01,240
30604,shrubs,2016-01-01,130
30605,shrubs,2016-01-01,996
30606,shrubs,2016-01-01,40
30614,shrubs,2016-01-01,270
30618,shrubs,2016-01-01,3948
67670,shrubs,2016-01-01,1390
102817,shrubs,2016-01-01,130
102910,shrubs,2016-01-01,370
107569,shrubs,2016-01-01,842
115079,shrubs,2016-01-01,366
116297,shrubs,2016-01-01,674
220034,shrubs,2016-01-01,1020
301932,shrubs,2016-01-01,474
302086,shrubs,2016-01-01,758
306780,shrubs,2016-01-01,400
342347,shrubs,2016-01-01,440
902858,shrubs,2016-01-01,1054
12226,bare_vegetation,2017-01-01,60
197,built_up,2017-01-01,50
227,built_up,2017-01-01,50
3305,built_up,2017-01-01,150
3306,built_up,2017-01-01,50
3307,built_up,2017-01-01,50
3314,built_up,2017-01-01,50
12226,built_up,2017-01-01,50
12229,built_up,2017-01-01,50
12570,built_up,2017-01-01,50
12572,built_up,2017-01-01,50
20224,built_up,2017-01-01,50
20230,built_up,2017-01-01,50
28850,built_up,2017-01-01,50
30604,built_up,2017-01-01,50
30605,built_up,2017-01-01,50
30606,built_up,2017-01-01,50
30614,built_up,2017-01-01,100
30618,built_up,2017-01-01,200
67670,built_up,2017-01-01,50
102910,built_up,2017-01-01,50
107569,built_up,2017-01-01,50
115079,built_up,2017-01-01,50
116297,built_up,2017-01-01,50
220034,built_up,2017-01-01,50
301932,built_up,2017-01-01,50
302086,built_up,2017-01-01,50
306780,built_up,2017-01-01,100
342347,built_up,2017-01-01,100
902858,built_up,2017-01-01,50
20230,closed_forest_deciduous_broad_leaf,2017-01-01,114
30614,closed_forest_deciduous_broad_leaf,2017-01-01,114
30618,closed_forest_deciduous_broad_leaf,2017-01-01,114
116297,closed_forest_deciduous_broad_leaf,2017-01-01,114
342347,closed_forest_deciduous_broad_leaf,2017-01-01,228
902858,closed_forest_deciduous_broad_leaf,2017-01-01,114
197,closed_forest_evergreen_broad_leaf,2017-01-01,202
227,closed_forest_evergreen_broad_leaf,2017-01-01,796
3305,closed_forest_evergreen_broad_leaf,2017-01-01,2930
3306,closed_forest_evergreen_broad_leaf,2017-01-01,794
3307,closed_forest_evergreen_broad_leaf,2017-01-01,566
3311,closed_forest_evergreen_broad_leaf,2017-01-01,494
3314,closed_forest_evergreen_broad_leaf,2017-01-01,202
12226,closed_forest_evergreen_broad_leaf,2017-01-01,2296
12229,closed_forest_evergreen_broad_leaf,2017-01-01,360
12241,closed_forest_evergreen_broad_leaf,2017-01-01,112
12570,closed_forest_evergreen_broad_leaf,2017-01-01,494
12572,closed_forest_evergreen_broad_leaf,2017-01-01,494
20224,closed_forest_evergreen_broad_leaf,2017-01-01,2624
20230,closed_forest_evergreen_broad_leaf,2017-01-01,1756
28850,closed_forest_evergreen_broad_leaf,2017-01-01,112
30604,closed_forest_evergreen_broad_leaf,2017-01-01,112
30605,closed_forest_evergreen_broad_leaf,2017-01-01,3282
30606,closed_forest_evergreen_broad_leaf,2017-01-01,1626
30614,closed_forest_evergreen_broad_leaf,2017-01-01,1632
30618,closed_forest_evergreen_broad_leaf,2017-01-01,6920
67670,closed_forest_evergreen_broad_leaf,2017-01-01,698
102817,closed_forest_evergreen_broad_leaf,2017-01-01,112
102910,closed_forest_evergreen_broad_leaf,2017-01-01,1086
107569,closed_forest_evergreen_broad_leaf,2017-01-01,3960
115079,closed_forest_evergreen_broad_leaf,2017-01-01,974
116297,closed_forest_evergreen_broad_leaf,2017-01-01,1336
220034,closed_forest_evergreen_broad_leaf,2017-01-01,942
301932,closed_forest_evergreen_broad_leaf,2017-01-01,1487
302086,closed_forest_evergreen_broad_leaf,2017-01-01,682
306780,closed_forest_evergreen_broad_leaf,2017-01-01,538
342347,closed_forest_evergreen_broad_leaf,2017-01-01,4664
902858,closed_forest_evergreen_broad_leaf,2017-01-01,4004
227,closed_forest_mixed,2017-01-01,115
12226,closed_forest_mixed,2017-01-01,115
12229,closed_forest_mixed,2017-01-01,115
30605,closed_forest_mixed,2017-01-01,115
107569,closed_forest_mixed,2017-01-01,115
306780,closed_forest_mixed,2017-01-01,115
197,closed_forest_unknown,2017-01-01,116
227,closed_forest_unknown,2017-01-01,1042
3305,closed_forest_unknown,2017-01-01,348
3306,closed_forest_unknown,2017-01-01,116
3307,closed_forest_unknown,2017-01-01,242
3311,closed_forest_unknown,2017-01-01,386
3314,closed_forest_unknown,2017-01-01,116
12226,closed_forest_unknown,2017-01-01,772
12229,closed_forest_unknown,2017-01-01,116
12241,closed_forest_unknown,2017-01-01,116
12570,closed_forest_unknown,2017-01-01,412
12572,closed_forest_unknown,2017-01-01,978
20224,closed_forest_unknown,2017-01-01,962
20230,closed_forest_unknown,2017-01-01,116
28850,closed_forest_unknown,2017-01-01,116
30604,closed_forest_unknown,2017-01-01,206
30605,closed_forest_unknown,2017-01-01,1188
30606,closed_forest_unknown,2017-01-01,116
30614,closed_forest_unknown,2017-01-01,232
30618,closed_forest_unknown,2017-01-01,3278
67670,closed_forest_unknown,2017-01-01,1148
102817,closed_forest_unknown,2017-01-01,116
102910,closed_forest_unknown,2017-01-01,638
107569,closed_forest_unknown,2017-01-01,1694
115079,closed_forest_unknown,2017-01-01,740
116297,closed_forest_unknown,2017-01-01,116
220034,closed_forest_unknown,2017-01-01,1088
301932,closed_forest_unknown,2017-01-01,116
302086,closed_forest_unknown,2017-01-01,766
306780,closed_forest_unknown,2017-01-01,232
342347,closed_forest_unknown,2017-01-01,896
902858,closed_forest_unknown,2017-01-01,578
197,cropland,2017-01-01,40
227,cropland,2017-01-01,960
3305,cropland,2017-01-01,120
3306,cropland,2017-01-01,40
3307,cropland,2017-01-01,320
3311,cropland,2017-01-01,220
3314,cropland,2017-01-01,180
12226,cropland,2017-01-01,450
12229,cropland,2017-01-01,140
12241,cropland,2017-01-01,40
12570,cropland,2017-01-01,40
12572,cropland,2017-01-01,510
20224,cropland,2017-01-01,646
20230,cropland,2017-01-01,40
28850,cropland,2017-01-01,130
30604,cropland,2017-01-01,40
30605,cropland,2017-01-01,946
30606,cropland,2017-01-01,40
30614,cropland,2017-01-01,220
30618,cropland,2017-01-01,3992
67670,cropland,2017-01-01,760
102910,cropland,2017-01-01,310
107569,cropland,2017-01-01,772
115079,cropland,2017-01-01,220
116297,cropland,2017-01-01,90
220034,cropland,2017-01-01,40
301932,cropland,2017-01-01,130
302086,cropland,2017-01-01,170
306780,cropland,2017-01-01,80
342347,cropland,2017-01-01,180
902858,cropland,2017-01-01,636
197,herbaceous_vegetation,2017-01-01,120
227,herbaceous_vegetation,2017-01-01,1206
3305,herbaceous_vegetation,2017-01-01,2208
3306,herbaceous_vegetation,2017-01-01,636
3307,herbaceous_vegetation,2017-01-01,230
3311,herbaceous_vegetation,2017-01-01,580
3314,herbaceous_vegetation,2017-01-01,330
12226,herbaceous_vegetation,2017-01-01,1450
12229,herbaceous_vegetation,2017-01-01,210
12241,herbaceous_vegetation,2017-01-01,330
12570,herbaceous_vegetation,2017-01-01,156
12572,herbaceous_vegetation,2017-01-01,120
20224,herbaceous_vegetation,2017-01-01,520
20230,herbaceous_vegetation,2017-01-01,636
28850,herbaceous_vegetation,2017-01-01,330
30604,herbaceous_vegetation,2017-01-01,30
30605,herbaceous_vegetation,2017-01-01,1306
30606,herbaceous_vegetation,2017-01-01,210
30614,herbaceous_vegetation,2017-01-01,296
30618,herbaceous_vegetation,2017-01-01,3630
67670,herbaceous_vegetation,2017-01-01,1020
102910,herbaceous_vegetation,2017-01-01,330
107569,herbaceous_vegetation,2017-01-01,1698
115079,herbaceous_vegetation,2017-01-01,336
116297,herbaceous_vegetation,2017-01-01,1180
220034,herbaceous_vegetation,2017-01-01,2060
301932,herbaceous_vegetation,2017-01-01,862
302086,herbaceous_vegetation,2017-01-01,608
306780,herbaceous_vegetation,2017-01-01,60
342347,herbaceous_vegetation,2017-01-01,600
902858,herbaceous_vegetation,2017-01-01,1044
197,herbaceous_wetland,2017-01-01,670
227,herbaceous_wetland,2017-01-01,1360
3305,herbaceous_wetland,2017-01-01,1800
3306,herbaceous_wetland,2017-01-01,760
3307,herbaceous_wetland,2017-01-01,90
3311,herbaceous_wetland,2017-01-01,1360
3314,herbaceous_wetland,2017-01-01,170
12226,herbaceous_wetland,2017-01-01,2240
12229,herbaceous_wetland,2017-01-01,90
12241,herbaceous_wetland,2017-01-01,90
12570,herbaceous_wetland,2017-01-01,750
12572,herbaceous_wetland,2017-01-01,920
20224,herbaceous_wetland,2017-01-01,1440
20230,herbaceous_wetland,2017-01-01,760
28850,herbaceous_wetland,2017-01-01,90
30604,herbaceous_wetland,2017-01-01,510
30605,herbaceous_wetland,2017-01-01,3022
30606,herbaceous_wetland,2017-01-01,90
30614,herbaceous_wetland,2017-01-01,90
30618,herbaceous_wetland,2017-01-01,2860
67670,herbaceous_wetland,2017-01-01,1100
102817,herbaceous_wetland,2017-01-01,90
102910,herbaceous_wetland,2017-01-01,1398
107569,herbaceous_wetland,2017-01-01,4388
115079,herbaceous_wetland,2017-01-01,1282
116297,herbaceous_wetland,2017-01-01,940
220034,herbaceous_wetland,2017-01-01,1756
301932,herbaceous_wetland,2017-01-01,510
302086,herbaceous_wetland,2017-01-01,942
306780,herbaceous_wetland,2017-01-01,180
342347,herbaceous_wetland,2017-01-01,500
902858,herbaceous_wetland,2017-01-01,1360
3311,no_data,2017-01-01,0
12241,no_data,2017-01-01,0
20230,no_data,2017-01-01,0
28850,no_data,2017-01-01,0
20230,open_forest_deciduous_broad_leaf,2017-01-01,124
30614,open_forest_deciduous_broad_leaf,2017-01-01,124
30618,open_forest_deciduous_broad_leaf,2017-01-01,124
116297,open_forest_deciduous_broad_leaf,2017-01-01,124
342347,open_forest_deciduous_broad_leaf,2017-01-01,248
902858,open_forest_deciduous_broad_leaf,2017-01-01,124
197,open_forest_evergreen_broad_leaf,2017-01-01,212
227,open_forest_evergreen_broad_leaf,2017-01-01,354
3305,open_forest_evergreen_broad_leaf,2017-01-01,2900
3306,open_forest_evergreen_broad_leaf,2017-01-01,1286
3307,open_forest_evergreen_broad_leaf,2017-01-01,602
3311,open_forest_evergreen_broad_leaf,2017-01-01,392
3314,open_forest_evergreen_broad_leaf,2017-01-01,302
12226,open_forest_evergreen_broad_leaf,2017-01-01,638
12229,open_forest_evergreen_broad_leaf,2017-01-01,248
12241,open_forest_evergreen_broad_leaf,2017-01-01,122
12570,open_forest_evergreen_broad_leaf,2017-01-01,514
12572,open_forest_evergreen_broad_leaf,2017-01-01,514
20224,open_forest_evergreen_broad_leaf,2017-01-01,992
20230,open_forest_evergreen_broad_leaf,2017-01-01,1888
28850,open_forest_evergreen_broad_leaf,2017-01-01,212
30604,open_forest_evergreen_broad_leaf,2017-01-01,392
30605,open_forest_evergreen_broad_leaf,2017-01-01,1090
30606,open_forest_evergreen_broad_leaf,2017-01-01,334
30614,open_forest_evergreen_broad_leaf,2017-01-01,948
30618,open_forest_evergreen_broad_leaf,2017-01-01,5228
67670,open_forest_evergreen_broad_leaf,2017-01-01,558
102817,open_forest_evergreen_broad_leaf,2017-01-01,212
102910,open_forest_evergreen_broad_leaf,2017-01-01,648
107569,open_forest_evergreen_broad_leaf,2017-01-01,1716
115079,open_forest_evergreen_broad_leaf,2017-01-01,752
116297,open_forest_evergreen_broad_leaf,2017-01-01,1588
220034,open_forest_evergreen_broad_leaf,2017-01-01,758
301932,open_forest_evergreen_broad_leaf,2017-01-01,1504
302086,open_forest_evergreen_broad_leaf,2017-01-01,450
306780,open_forest_evergreen_broad_leaf,2017-01-01,514
342347,open_forest_evergreen_broad_leaf,2017-01-01,764
902858,open_forest_evergreen_broad_leaf,2017-01-01,2220
197,open_forest_unknown,2017-01-01,982
227,open_forest_unknown,2017-01-01,2538
3305,open_forest_unknown,2017-01-01,4166
3306,open_forest_unknown,2017-01-01,2136
3307,open_forest_unknown,2017-01-01,786
3311,open_forest_unknown,2017-01-01,602
3314,open_forest_unknown,2017-01-01,522
12226,open_forest_unknown,2017-01-01,1058
12229,open_forest_unknown,2017-01-01,758
12241,open_forest_unknown,2017-01-01,522
12570,open_forest_unknown,2017-01-01,1116
12572,open_forest_unknown,2017-01-01,1548
20224,open_forest_unknown,2017-01-01,1332
20230,open_forest_unknown,2017-01-01,2520
28850,open_forest_unknown,2017-01-01,522
30604,open_forest_unknown,2017-01-01,612
30605,open_forest_unknown,2017-01-01,2792
30606,open_forest_unknown,2017-01-01,760
30614,open_forest_unknown,2017-01-01,1198
30618,open_forest_unknown,2017-01-01,11112
67670,open_forest_unknown,2017-01-01,2602
102817,open_forest_unknown,2017-01-01,396
102910,open_forest_unknown,2017-01-01,1920
107569,open_forest_unknown,2017-01-01,3444
115079,open_forest_unknown,2017-01-01,1618
116297,open_forest_unknown,2017-01-01,2604
220034,open_forest_unknown,2017-01-01,1696
301932,open_forest_unknown,2017-01-01,1786
302086,open_forest_unknown,2017-01-01,1886
306780,open_forest_unknown,2017-01-01,918
342347,open_forest_unknown,2017-01-01,1376
902858,open_forest_unknown,2017-01-01,3776
3311,open_sea,2017-01-01,200
12226,open_sea,2017-01-01,200
220034,open_sea,2017-01-01,200
197,permanent_water_bodies,2017-01-01,340
227,permanent_water_bodies,2017-01-01,1360
3305,permanent_water_bodies,2017-01-01,840
3306,permanent_water_bodies,2017-01-01,410
3311,permanent_water_bodies,2017-01-01,1360
3314,permanent_water_bodies,2017-01-01,260
12226,permanent_water_bodies,2017-01-01,1270
12570,permanent_water_bodies,2017-01-01,1100
12572,permanent_water_bodies,2017-01-01,1100
20224,permanent_water_bodies,2017-01-01,1180
20230,permanent_water_bodies,2017-01-01,410
30604,permanent_water_bodies,2017-01-01,250
30605,permanent_water_bodies,2017-01-01,1910
30618,permanent_water_bodies,2017-01-01,2380
67670,permanent_water_bodies,2017-01-01,1190
102910,permanent_water_bodies,2017-01-01,1100
107569,permanent_water_bodies,2017-01-01,1896
115079,permanent_water_bodies,2017-01-01,1190
116297,permanent_water_bodies,2017-01-01,420
220034,permanent_water_bodies,2017-01-01,1280
301932,permanent_water_bodies,2017-01-01,170
302086,permanent_water_bodies,2017-01-01,430
342347,permanent_water_bodies,2017-01-01,680
902858,permanent_water_bodies,2017-01-01,1190
197,shrubs,2017-01-01,290
227,shrubs,2017-01-01,1240
3305,shrubs,2017-01-01,1754
3306,shrubs,2017-01-01,704
3307,shrubs,2017-01-01,292
3311,shrubs,2017-01-01,310
3314,shrubs,2017-01-01,310
12226,shrubs,2017-01-01,830
12229,shrubs,2017-01-01,290
12241,shrubs,2017-01-01,310
12570,shrubs,2017-01-01,326
12572,shrubs,2017-01-01,1044
20224,shrubs,2017-01-01,922
20230,shrubs,2017-01-01,724
28850,shrubs,2017-01-01,310
30604,shrubs,2017-01-01,200
30605,shrubs,2017-01-01,1302
30606,shrubs,2017-01-01,110
30614,shrubs,2017-01-01,340
30618,shrubs,2017-01-01,4808
67670,shrubs,2017-01-01,1752
102817,shrubs,2017-01-01,200
102910,shrubs,2017-01-01,546
107569,shrubs,2017-01-01,1048
115079,shrubs,2017-01-01,542
116297,shrubs,2017-01-01,952
220034,shrubs,2017-01-01,1290
301932,shrubs,2017-01-01,702
302086,shrubs,2017-01-01,878
306780,shrubs,2017-01-01,400
342347,shrubs,2017-01-01,580
902858,shrubs,2017-01-01,1310
12226,bare_vegetation,2018-01-01,60
197,built_up,2018-01-01,50
227,built_up,2018-01-01,50
3305,built_up,2018-01-01,150
3306,built_up,2018-01-01,50
3307,built_up,2018-01-01,50
3314,built_up,2018-01-01,50
12226,built_up,2018-01-01,50
12229,built_up,2018-01-01,50
12570,built_up,2018-01-01,50
12572,built_up,2018-01-01,50
20224,built_up,2018-01-01,50
20230,built_up,2018-01-01,50
28850,built_up,2018-01-01,50
30604,built_up,2018-01-01,50
30605,built_up,2018-01-01,50
30606,built_up,2018-01-01,50
30614,built_up,2018-01-01,100
30618,built_up,2018-01-01,200
67670,built_up,2018-01-01,50
102910,built_up,2018-01-01,50
107569,built_up,2018-01-01,50
115079,built_up,2018-01-01,50
116297,built_up,2018-01-01,50
220034,built_up,2018-01-01,50
301932,built_up,2018-01-01,50
302086,built_up,2018-01-01,50
306780,built_up,2018-01-01,100
342347,built_up,2018-01-01,100
902858,built_up,2018-01-01,50
20230,closed_forest_deciduous_broad_leaf,2018-01-01,114
30614,closed_forest_deciduous_broad_leaf,2018-01-01,114
30618,closed_forest_deciduous_broad_leaf,2018-01-01,114
116297,closed_forest_deciduous_broad_leaf,2018-01-01,114
342347,closed_forest_deciduous_broad_leaf,2018-01-01,228
902858,closed_forest_deciduous_broad_leaf,2018-01-01,114
197,closed_forest_evergreen_broad_leaf,2018-01-01,202
227,closed_forest_evergreen_broad_leaf,2018-01-01,796
3305,closed_forest_evergreen_broad_leaf,2018-01-01,2888
3306,closed_forest_evergreen_broad_leaf,2018-01-01,808
3307,closed_forest_evergreen_broad_leaf,2018-01-01,566
3311,closed_forest_evergreen_broad_leaf,2018-01-01,472
3314,closed_forest_evergreen_broad_leaf,2018-01-01,202
12226,closed_forest_evergreen_broad_leaf,2018-01-01,2204
12229,closed_forest_evergreen_broad_leaf,2018-01-01,360
12241,closed_forest_evergreen_broad_leaf,2018-01-01,112
12570,closed_forest_evergreen_broad_leaf,2018-01-01,472
12572,closed_forest_evergreen_broad_leaf,2018-01-01,472
20224,closed_forest_evergreen_broad_leaf,2018-01-01,2488
20230,closed_forest_evergreen_broad_leaf,2018-01-01,1794
28850,closed_forest_evergreen_broad_leaf,2018-01-01,112
30604,closed_forest_evergreen_broad_leaf,2018-01-01,112
30605,closed_forest_evergreen_broad_leaf,2018-01-01,2904
30606,closed_forest_evergreen_broad_leaf,2018-01-01,1358
30614,closed_forest_evergreen_broad_leaf,2018-01-01,1660
30618,closed_forest_evergreen_broad_leaf,2018-01-01,6508
67670,closed_forest_evergreen_broad_leaf,2018-01-01,702
102817,closed_forest_evergreen_broad_leaf,2018-01-01,112
102910,closed_forest_evergreen_broad_leaf,2018-01-01,1038
107569,closed_forest_evergreen_broad_leaf,2018-01-01,3256
115079,closed_forest_evergreen_broad_leaf,2018-01-01,958
116297,closed_forest_evergreen_broad_leaf,2018-01-01,1328
220034,closed_forest_evergreen_broad_leaf,2018-01-01,890
301932,closed_forest_evergreen_broad_leaf,2018-01-01,1475
302086,closed_forest_evergreen_broad_leaf,2018-01-01,688
306780,closed_forest_evergreen_broad_leaf,2018-01-01,556
342347,closed_forest_evergreen_broad_leaf,2018-01-01,3952
902858,closed_forest_evergreen_broad_leaf,2018-01-01,3620
227,closed_forest_mixed,2018-01-01,115
12226,closed_forest_mixed,2018-01-01,115
12229,closed_forest_mixed,2018-01-01,115
30605,closed_forest_mixed,2018-01-01,115
107569,closed_forest_mixed,2018-01-01,115
306780,closed_forest_mixed,2018-01-01,115
197,closed_forest_unknown,2018-01-01,116
227,closed_forest_unknown,2018-01-01,1012
3305,closed_forest_unknown,2018-01-01,348
3306,closed_forest_unknown,2018-01-01,116
3307,closed_forest_unknown,2018-01-01,242
3311,closed_forest_unknown,2018-01-01,386
3314,closed_forest_unknown,2018-01-01,116
12226,closed_forest_unknown,2018-01-01,746
12229,closed_forest_unknown,2018-01-01,116
12241,closed_forest_unknown,2018-01-01,116
12570,closed_forest_unknown,2018-01-01,386
12572,closed_forest_unknown,2018-01-01,948
20224,closed_forest_unknown,2018-01-01,876
20230,closed_forest_unknown,2018-01-01,116
28850,closed_forest_unknown,2018-01-01,116
30604,closed_forest_unknown,2018-01-01,206
30605,closed_forest_unknown,2018-01-01,1098
30606,closed_forest_unknown,2018-01-01,116
30614,closed_forest_unknown,2018-01-01,232
30618,closed_forest_unknown,2018-01-01,3068
67670,closed_forest_unknown,2018-01-01,1164
102817,closed_forest_unknown,2018-01-01,116
102910,closed_forest_unknown,2018-01-01,638
107569,closed_forest_unknown,2018-01-01,1614
115079,closed_forest_unknown,2018-01-01,714
116297,closed_forest_unknown,2018-01-01,116
220034,closed_forest_unknown,2018-01-01,1062
301932,closed_forest_unknown,2018-01-01,116
302086,closed_forest_unknown,2018-01-01,766
306780,closed_forest_unknown,2018-01-01,232
342347,closed_forest_unknown,2018-01-01,764
902858,closed_forest_unknown,2018-01-01,542
197,cropland,2018-01-01,40
227,cropland,2018-01-01,1000
3305,cropland,2018-01-01,120
3306,cropland,2018-01-01,40
3307,cropland,2018-01-01,330
3311,cropland,2018-01-01,220
3314,cropland,2018-01-01,180
12226,cropland,2018-01-01,430
12229,cropland,2018-01-01,140
12241,cropland,2018-01-01,40
12570,cropland,2018-01-01,40
12572,cropland,2018-01-01,570
20224,cropland,2018-01-01,736
20230,cropland,2018-01-01,40
28850,cropland,2018-01-01,130
30604,cropland,2018-01-01,40
30605,cropland,2018-01-01,1166
30606,cropland,2018-01-01,40
30614,cropland,2018-01-01,230
30618,cropland,2018-01-01,4656
67670,cropland,2018-01-01,810
102910,cropland,2018-01-01,310
107569,cropland,2018-01-01,782
115079,cropland,2018-01-01,220
116297,cropland,2018-01-01,90
220034,cropland,2018-01-01,40
301932,cropland,2018-01-01,140
302086,cropland,2018-01-01,180
306780,cropland,2018-01-01,80
342347,cropland,2018-01-01,180
902858,cropland,2018-01-01,646
197,herbaceous_vegetation,2018-01-01,120
227,herbaceous_vegetation,2018-01-01,1316
3305,herbaceous_vegetation,2018-01-01,2376
3306,herbaceous_vegetation,2018-01-01,804
3307,herbaceous_vegetation,2018-01-01,250
3311,herbaceous_vegetation,2018-01-01,650
3314,herbaceous_vegetation,2018-01-01,390
12226,herbaceous_vegetation,2018-01-01,1470
12229,herbaceous_vegetation,2018-01-01,220
12241,herbaceous_vegetation,2018-01-01,390
12570,herbaceous_vegetation,2018-01-01,156
12572,herbaceous_vegetation,2018-01-01,120
20224,herbaceous_vegetation,2018-01-01,570
20230,herbaceous_vegetation,2018-01-01,804
28850,herbaceous_vegetation,2018-01-01,390
30604,herbaceous_vegetation,2018-01-01,30
30605,herbaceous_vegetation,2018-01-01,1690
30606,herbaceous_vegetation,2018-01-01,210
30614,herbaceous_vegetation,2018-01-01,296
30618,herbaceous_vegetation,2018-01-01,3964
67670,herbaceous_vegetation,2018-01-01,1080
102910,herbaceous_vegetation,2018-01-01,330
107569,herbaceous_vegetation,2018-01-01,1774
115079,herbaceous_vegetation,2018-01-01,336
116297,herbaceous_vegetation,2018-01-01,1368
220034,herbaceous_vegetation,2018-01-01,2140
301932,herbaceous_vegetation,2018-01-01,882
302086,herbaceous_vegetation,2018-01-01,618
306780,herbaceous_vegetation,2018-01-01,60
342347,herbaceous_vegetation,2018-01-01,600
902858,herbaceous_vegetation,2018-01-01,1064
197,herbaceous_wetland,2018-01-01,680
227,herbaceous_wetland,2018-01-01,1406
3305,herbaceous_wetland,2018-01-01,1790
3306,herbaceous_wetland,2018-01-01,790
3307,herbaceous_wetland,2018-01-01,90
3311,herbaceous_wetland,2018-01-01,1360
3314,herbaceous_wetland,2018-01-01,180
12226,herbaceous_wetland,2018-01-01,2150
12229,herbaceous_wetland,2018-01-01,90
12241,herbaceous_wetland,2018-01-01,90
12570,herbaceous_wetland,2018-01-01,750
12572,herbaceous_wetland,2018-01-01,930
20224,herbaceous_wetland,2018-01-01,1546
20230,herbaceous_wetland,2018-01-01,790
28850,herbaceous_wetland,2018-01-01,90
30604,herbaceous_wetland,2018-01-01,520
30605,herbaceous_wetland,2018-01-01,3180
30606,herbaceous_wetland,2018-01-01,90
30614,herbaceous_wetland,2018-01-01,90
30618,herbaceous_wetland,2018-01-01,2872
67670,herbaceous_wetland,2018-01-01,1100
102817,herbaceous_wetland,2018-01-01,90
102910,herbaceous_wetland,2018-01-01,1404
107569,herbaceous_wetland,2018-01-01,4552
115079,herbaceous_wetland,2018-01-01,1288
116297,herbaceous_wetland,2018-01-01,950
220034,herbaceous_wetland,2018-01-01,1662
301932,herbaceous_wetland,2018-01-01,510
302086,herbaceous_wetland,2018-01-01,948
306780,herbaceous_wetland,2018-01-01,180
342347,herbaceous_wetland,2018-01-01,500
902858,herbaceous_wetland,2018-01-01,1360
3311,no_data,2018-01-01,0
12241,no_data,2018-01-01,0
20230,no_data,2018-01-01,0
28850,no_data,2018-01-01,0
20230,open_forest_deciduous_broad_leaf,2018-01-01,124
30614,open_forest_deciduous_broad_leaf,2018-01-01,124
30618,open_forest_deciduous_broad_leaf,2018-01-01,124
116297,open_forest_deciduous_broad_leaf,2018-01-01,124
342347,open_forest_deciduous_broad_leaf,2018-01-01,248
902858,open_forest_deciduous_broad_leaf,2018-01-01,124
197,open_forest_evergreen_broad_leaf,2018-01-01,212
227,open_forest_evergreen_broad_leaf,2018-01-01,344
3305,open_forest_evergreen_broad_leaf,2018-01-01,2966
3306,open_forest_evergreen_broad_leaf,2018-01-01,1352
3307,open_forest_evergreen_broad_leaf,2018-01-01,602
3311,open_forest_evergreen_broad_leaf,2018-01-01,392
3314,open_forest_evergreen_broad_leaf,2018-01-01,302
12226,open_forest_evergreen_broad_leaf,2018-01-01,628
12229,open_forest_evergreen_broad_leaf,2018-01-01,248
12241,open_forest_evergreen_broad_leaf,2018-01-01,122
12570,open_forest_evergreen_broad_leaf,2018-01-01,482
12572,open_forest_evergreen_broad_leaf,2018-01-01,482
20224,open_forest_evergreen_broad_leaf,2018-01-01,1078
20230,open_forest_evergreen_broad_leaf,2018-01-01,1954
28850,open_forest_evergreen_broad_leaf,2018-01-01,212
30604,open_forest_evergreen_broad_leaf,2018-01-01,392
30605,open_forest_evergreen_broad_leaf,2018-01-01,1012
30606,open_forest_evergreen_broad_leaf,2018-01-01,338
30614,open_forest_evergreen_broad_leaf,2018-01-01,952
30618,open_forest_evergreen_broad_leaf,2018-01-01,4964
67670,open_forest_evergreen_broad_leaf,2018-01-01,558
102817,open_forest_evergreen_broad_leaf,2018-01-01,212
102910,open_forest_evergreen_broad_leaf,2018-01-01,616
107569,open_forest_evergreen_broad_leaf,2018-01-01,1536
115079,open_forest_evergreen_broad_leaf,2018-01-01,720
116297,open_forest_evergreen_broad_leaf,2018-01-01,1660
220034,open_forest_evergreen_broad_leaf,2018-01-01,724
301932,open_forest_evergreen_broad_leaf,2018-01-01,1508
302086,open_forest_evergreen_broad_leaf,2018-01-01,450
306780,open_forest_evergreen_broad_leaf,2018-01-01,514
342347,open_forest_evergreen_broad_leaf,2018-01-01,724
902858,open_forest_evergreen_broad_leaf,2018-01-01,1944
197,open_forest_unknown,2018-01-01,946
227,open_forest_unknown,2018-01-01,2366
3305,open_forest_unknown,2018-01-01,4020
3306,open_forest_unknown,2018-01-01,2062
3307,open_forest_unknown,2018-01-01,782
3311,open_forest_unknown,2018-01-01,576
3314,open_forest_unknown,2018-01-01,486
12226,open_forest_unknown,2018-01-01,1164
12229,open_forest_unknown,2018-01-01,778
12241,open_forest_unknown,2018-01-01,486
12570,open_forest_unknown,2018-01-01,1070
12572,open_forest_unknown,2018-01-01,1272
20224,open_forest_unknown,2018-01-01,1220
20230,open_forest_unknown,2018-01-01,2436
28850,open_forest_unknown,2018-01-01,486
30604,open_forest_unknown,2018-01-01,576
30605,open_forest_unknown,2018-01-01,2644
30606,open_forest_unknown,2018-01-01,476
30614,open_forest_unknown,2018-01-01,1198
30618,open_forest_unknown,2018-01-01,11490
67670,open_forest_unknown,2018-01-01,2422
102817,open_forest_unknown,2018-01-01,396
102910,open_forest_unknown,2018-01-01,1910
107569,open_forest_unknown,2018-01-01,3308
115079,open_forest_unknown,2018-01-01,1638
116297,open_forest_unknown,2018-01-01,2530
220034,open_forest_unknown,2018-01-01,1682
301932,open_forest_unknown,2018-01-01,1732
302086,open_forest_unknown,2018-01-01,1916
306780,open_forest_unknown,2018-01-01,882
342347,open_forest_unknown,2018-01-01,1092
902858,open_forest_unknown,2018-01-01,3588
3311,open_sea,2018-01-01,200
12226,open_sea,2018-01-01,200
220034,open_sea,2018-01-01,200
197,permanent_water_bodies,2018-01-01,330
227,permanent_water_bodies,2018-01-01,1360
3305,permanent_water_bodies,2018-01-01,830
3306,permanent_water_bodies,2018-01-01,430
3311,permanent_water_bodies,2018-01-01,1360
3314,permanent_water_bodies,2018-01-01,270
12226,permanent_water_bodies,2018-01-01,1280
12570,permanent_water_bodies,2018-01-01,1100
12572,permanent_water_bodies,2018-01-01,1100
20224,permanent_water_bodies,2018-01-01,1190
20230,permanent_water_bodies,2018-01-01,430
30604,permanent_water_bodies,2018-01-01,240
30605,permanent_water_bodies,2018-01-01,1716
30618,permanent_water_bodies,2018-01-01,2370
67670,permanent_water_bodies,2018-01-01,1200
102910,permanent_water_bodies,2018-01-01,1100
107569,permanent_water_bodies,2018-01-01,1742
115079,permanent_water_bodies,2018-01-01,1190
116297,permanent_water_bodies,2018-01-01,420
220034,permanent_water_bodies,2018-01-01,1270
301932,permanent_water_bodies,2018-01-01,160
302086,permanent_water_bodies,2018-01-01,440
342347,permanent_water_bodies,2018-01-01,660
902858,permanent_water_bodies,2018-01-01,1190
197,shrubs,2018-01-01,280
227,shrubs,2018-01-01,1360
3305,shrubs,2018-01-01,1852
3306,shrubs,2018-01-01,700
3307,shrubs,2018-01-01,292
3311,shrubs,2018-01-01,380
3314,shrubs,2018-01-01,380
12226,shrubs,2018-01-01,950
12229,shrubs,2018-01-01,290
12241,shrubs,2018-01-01,380
12570,shrubs,2018-01-01,326
12572,shrubs,2018-01-01,1028
20224,shrubs,2018-01-01,1416
20230,shrubs,2018-01-01,822
28850,shrubs,2018-01-01,380
30604,shrubs,2018-01-01,200
30605,shrubs,2018-01-01,1650
30606,shrubs,2018-01-01,110
30614,shrubs,2018-01-01,340
30618,shrubs,2018-01-01,5574
67670,shrubs,2018-01-01,1696
102817,shrubs,2018-01-01,200
102910,shrubs,2018-01-01,626
107569,shrubs,2018-01-01,1214
115079,shrubs,2018-01-01,542
116297,shrubs,2018-01-01,948
220034,shrubs,2018-01-01,1624
301932,shrubs,2018-01-01,804
302086,shrubs,2018-01-01,858
306780,shrubs,2018-01-01,400
342347,shrubs,2018-01-01,580
902858,shrubs,2018-01-01,1300
12226,bare_vegetation,2019-01-01,2.31768880210221
197,built_up,2019-01-01,17.3932345409036
227,built_up,2019-01-01,1506.43241626728
3305,built_up,2019-01-01,117.092878655374
3306,built_up,2019-01-01,1.1626134514153
3307,built_up,2019-01-01,712.371956354333
3314,built_up,2019-01-01,65.2004532153547
12226,built_up,2019-01-01,78.8394240864277
12229,built_up,2019-01-01,104.415902707851
12570,built_up,2019-01-01,31.4192195251375
12572,built_up,2019-01-01,326.715674952704
20224,built_up,2019-01-01,63.4923754047006
20230,built_up,2019-01-01,2.32483560292721
28850,built_up,2019-01-01,3.48744924596846
30604,built_up,2019-01-01,4.61741214904189
30605,built_up,2019-01-01,542.892670623088
30606,built_up,2019-01-01,25.4968996152163
30614,built_up,2019-01-01,1220.42397235113
30618,built_up,2019-01-01,3566.78589744088
67670,built_up,2019-01-01,493.121108015489
102910,built_up,2019-01-01,711.306995730544
107569,built_up,2019-01-01,884.083840916686
115079,built_up,2019-01-01,348.830951019302
116297,built_up,2019-01-01,715.368471426281
220034,built_up,2019-01-01,28.543826681906
301932,built_up,2019-01-01,493.888785073576
302086,built_up,2019-01-01,272.055643744767
306780,built_up,2019-01-01,120.862812446177
342347,built_up,2019-01-01,48.0616517947912
902858,built_up,2019-01-01,2265.4406260252
20230,closed_forest_deciduous_broad_leaf,2019-01-01,1.16080787937343
30614,closed_forest_deciduous_broad_leaf,2019-01-01,1.16080787937343
30618,closed_forest_deciduous_broad_leaf,2019-01-01,1.16080787937343
116297,closed_forest_deciduous_broad_leaf,2019-01-01,1.16080787937343
342347,closed_forest_deciduous_broad_leaf,2019-01-01,475.387317522824
902858,closed_forest_deciduous_broad_leaf,2019-01-01,1.16080784797668
197,closed_forest_evergreen_broad_leaf,2019-01-01,161186.251265001
227,closed_forest_evergreen_broad_leaf,2019-01-01,524331.722406745
3305,closed_forest_evergreen_broad_leaf,2019-01-01,177718.077521652
3306,closed_forest_evergreen_broad_leaf,2019-01-01,187366.367963108
3307,closed_forest_evergreen_broad_leaf,2019-01-01,150826.999324654
3311,closed_forest_evergreen_broad_leaf,2019-01-01,78689.1496053396
3314,closed_forest_evergreen_broad_leaf,2019-01-01,162737.505990489
12226,closed_forest_evergreen_broad_leaf,2019-01-01,117041.234153534
12229,closed_forest_evergreen_broad_leaf,2019-01-01,146519.952458952
12241,closed_forest_evergreen_broad_leaf,2019-01-01,156648.684772965
12570,closed_forest_evergreen_broad_leaf,2019-01-01,8417.02568000022
12572,closed_forest_evergreen_broad_leaf,2019-01-01,14466.1418376532
20224,closed_forest_evergreen_broad_leaf,2019-01-01,199582.067335998
20230,closed_forest_evergreen_broad_leaf,2019-01-01,351697.945469708
28850,closed_forest_evergreen_broad_leaf,2019-01-01,74765.5285954703
30604,closed_forest_evergreen_broad_leaf,2019-01-01,365069.371001988
30605,closed_forest_evergreen_broad_leaf,2019-01-01,255648.900837792
30606,closed_forest_evergreen_broad_leaf,2019-01-01,114669.488048527
30614,closed_forest_evergreen_broad_leaf,2019-01-01,157382.912871963
30618,closed_forest_evergreen_broad_leaf,2019-01-01,323669.930953407
67670,closed_forest_evergreen_broad_leaf,2019-01-01,170525.159778897
102817,closed_forest_evergreen_broad_leaf,2019-01-01,139205.031686807
102910,closed_forest_evergreen_broad_leaf,2019-01-01,24343.6795455235
107569,closed_forest_evergreen_broad_leaf,2019-01-01,107689.137457722
115079,closed_forest_evergreen_broad_leaf,2019-01-01,15476.9217129573
116297,closed_forest_evergreen_broad_leaf,2019-01-01,71811.9403753902
220034,closed_forest_evergreen_broad_leaf,2019-01-01,235438.136721426
301932,closed_forest_evergreen_broad_leaf,2019-01-01,47597.6170963387
302086,closed_forest_evergreen_broad_leaf,2019-01-01,10484.6207890774
306780,closed_forest_evergreen_broad_leaf,2019-01-01,644256.265990502
342347,closed_forest_evergreen_broad_leaf,2019-01-01,783288.984473851
902858,closed_forest_evergreen_broad_leaf,2019-01-01,522622.506556392
227,closed_forest_mixed,2019-01-01,168.38047699745
12226,closed_forest_mixed,2019-01-01,1.16003359405696
12229,closed_forest_mixed,2019-01-01,1.16003359405994
30605,closed_forest_mixed,2019-01-01,89.1764218333155
107569,closed_forest_mixed,2019-01-01,133.157330195296
306780,closed_forest_mixed,2019-01-01,1.1467751022011
197,closed_forest_unknown,2019-01-01,985.835353369107
227,closed_forest_unknown,2019-01-01,3329.62227211182
3305,closed_forest_unknown,2019-01-01,475.474385546097
3306,closed_forest_unknown,2019-01-01,296.218166934884
3307,closed_forest_unknown,2019-01-01,933.24082557181
3311,closed_forest_unknown,2019-01-01,4645.22299144711
3314,closed_forest_unknown,2019-01-01,9568.48121415019
12226,closed_forest_unknown,2019-01-01,3591.77234480783
12229,closed_forest_unknown,2019-01-01,1378.48843170108
12241,closed_forest_unknown,2019-01-01,4379.96641371153
12570,closed_forest_unknown,2019-01-01,1450.82754943256
12572,closed_forest_unknown,2019-01-01,2233.41613580756
20224,closed_forest_unknown,2019-01-01,5914.25910698405
20230,closed_forest_unknown,2019-01-01,1285.99907921364
28850,closed_forest_unknown,2019-01-01,3899.56959890501
30604,closed_forest_unknown,2019-01-01,980.826343230734
30605,closed_forest_unknown,2019-01-01,4243.04889210568
30606,closed_forest_unknown,2019-01-01,319.87968305192
30614,closed_forest_unknown,2019-01-01,2222.25519226575
30618,closed_forest_unknown,2019-01-01,17636.4847981095
67670,closed_forest_unknown,2019-01-01,1378.78752998589
102817,closed_forest_unknown,2019-01-01,157.136454517645
102910,closed_forest_unknown,2019-01-01,2320.12708280162
107569,closed_forest_unknown,2019-01-01,2405.82897777284
115079,closed_forest_unknown,2019-01-01,1316.53505363316
116297,closed_forest_unknown,2019-01-01,499.933401838642
220034,closed_forest_unknown,2019-01-01,16742.9440138262
301932,closed_forest_unknown,2019-01-01,326.929731355271
302086,closed_forest_unknown,2019-01-01,870.92039370023
306780,closed_forest_unknown,2019-01-01,2674.4967788127
342347,closed_forest_unknown,2019-01-01,19697.1692476775
902858,closed_forest_unknown,2019-01-01,3454.00133562088
197,cropland,2019-01-01,8693.65063476414
227,cropland,2019-01-01,55313.8949323151
3305,cropland,2019-01-01,5938.88630646164
3306,cropland,2019-01-01,718.124859265023
3307,cropland,2019-01-01,10451.7872546111
3311,cropland,2019-01-01,2916.65777482113
3314,cropland,2019-01-01,20145.2374860799
12226,cropland,2019-01-01,11526.9165330001
12229,cropland,2019-01-01,6729.35310617455
12241,cropland,2019-01-01,1770.95077256277
12570,cropland,2019-01-01,29898.3926654739
12572,cropland,2019-01-01,26981.2551079149
20224,cropland,2019-01-01,56709.6709290857
20230,cropland,2019-01-01,20178.2016127271
28850,cropland,2019-01-01,5998.56565495659
30604,cropland,2019-01-01,2067.52426499942
30605,cropland,2019-01-01,154761.208612517
30606,cropland,2019-01-01,16765.1896222838
30614,cropland,2019-01-01,90671.4268907188
30618,cropland,2019-01-01,569099.111373254
67670,cropland,2019-01-01,23260.3876162569
102910,cropland,2019-01-01,65756.1799228079
107569,cropland,2019-01-01,53262.8470852473
115079,cropland,2019-01-01,38984.5479909638
116297,cropland,2019-01-01,19326.1063341636
220034,cropland,2019-01-01,21.7510472473264
301932,cropland,2019-01-01,7077.90771975933
302086,cropland,2019-01-01,29312.8361995382
306780,cropland,2019-01-01,11420.8137022879
342347,cropland,2019-01-01,27608.2536609178
902858,cropland,2019-01-01,250871.546066403
197,herbaceous_vegetation,2019-01-01,2005.83762020001
227,herbaceous_vegetation,2019-01-01,2978.86837481103
3305,herbaceous_vegetation,2019-01-01,2980.65196710598
3306,herbaceous_vegetation,2019-01-01,797.497259789935
3307,herbaceous_vegetation,2019-01-01,558.608812659729
3311,herbaceous_vegetation,2019-01-01,1564.87739300985
3314,herbaceous_vegetation,2019-01-01,1726.63980584945
12226,herbaceous_vegetation,2019-01-01,3139.01137454695
12229,herbaceous_vegetation,2019-01-01,164.743563992846
12241,herbaceous_vegetation,2019-01-01,263.953058648577
12570,herbaceous_vegetation,2019-01-01,977.245417493719
12572,herbaceous_vegetation,2019-01-01,1138.68064416002
20224,herbaceous_vegetation,2019-01-01,4264.85555433083
20230,herbaceous_vegetation,2019-01-01,3544.06898708378
28850,herbaceous_vegetation,2019-01-01,673.165123047517
30604,herbaceous_vegetation,2019-01-01,71.5775665949672
30605,herbaceous_vegetation,2019-01-01,4288.35353326281
30606,herbaceous_vegetation,2019-01-01,2828.1309105957
30614,herbaceous_vegetation,2019-01-01,8485.09859067806
30618,herbaceous_vegetation,2019-01-01,23610.1571042517
67670,herbaceous_vegetation,2019-01-01,291.90139270255
102910,herbaceous_vegetation,2019-01-01,1429.74969435326
107569,herbaceous_vegetation,2019-01-01,2801.44937587222
115079,herbaceous_vegetation,2019-01-01,1184.07533915383
116297,herbaceous_vegetation,2019-01-01,2079.19051399847
220034,herbaceous_vegetation,2019-01-01,12380.5579448276
301932,herbaceous_vegetation,2019-01-01,1353.24466185663
302086,herbaceous_vegetation,2019-01-01,823.220921047915
306780,herbaceous_vegetation,2019-01-01,907.664208541205
342347,herbaceous_vegetation,2019-01-01,2545.26521673682
902858,herbaceous_vegetation,2019-01-01,17166.9928985834
197,herbaceous_wetland,2019-01-01,223.577535989169
227,herbaceous_wetland,2019-01-01,1011.92057427231
3305,herbaceous_wetland,2019-01-01,364.399565656036
3306,herbaceous_wetland,2019-01-01,284.376242011389
3307,herbaceous_wetland,2019-01-01,13.9102541455686
3311,herbaceous_wetland,2019-01-01,15573.0795952044
3314,herbaceous_wetland,2019-01-01,606.096400136152
12226,herbaceous_wetland,2019-01-01,15256.0802951135
12229,herbaceous_wetland,2019-01-01,217.017905663416
12241,herbaceous_wetland,2019-01-01,1039.56811192423
12570,herbaceous_wetland,2019-01-01,478.05201030806
12572,herbaceous_wetland,2019-01-01,635.000543526234
20224,herbaceous_wetland,2019-01-01,19663.4653546736
20230,herbaceous_wetland,2019-01-01,291.335066858199
28850,herbaceous_wetland,2019-01-01,3389.77003751858
30604,herbaceous_wetland,2019-01-01,420.623218814534
30605,herbaceous_wetland,2019-01-01,9518.21114669287
30606,herbaceous_wetland,2019-01-01,99.6167504355193
30614,herbaceous_wetland,2019-01-01,18.6203857312113
30618,herbaceous_wetland,2019-01-01,5886.19227340807
67670,herbaceous_wetland,2019-01-01,462.896464842102
102817,herbaceous_wetland,2019-01-01,49.7019613781005
102910,herbaceous_wetland,2019-01-01,2922.06117700277
107569,herbaceous_wetland,2019-01-01,5997.62303238342
115079,herbaceous_wetland,2019-01-01,912.851685161001
116297,herbaceous_wetland,2019-01-01,199.610869781151
220034,herbaceous_wetland,2019-01-01,199289.714772582
301932,herbaceous_wetland,2019-01-01,26.6750734174013
302086,herbaceous_wetland,2019-01-01,494.149692106025
306780,herbaceous_wetland,2019-01-01,373.770255837256
342347,herbaceous_wetland,2019-01-01,2814.02187024101
902858,herbaceous_wetland,2019-01-01,1005.80733895302
3311,no_data,2019-01-01,1.16226895463467
12241,no_data,2019-01-01,1.16226895463467
20230,no_data,2019-01-01,1.16226895463467
28850,no_data,2019-01-01,1.16226895463467
20230,open_forest_deciduous_broad_leaf,2019-01-01,1.16079007634222
30614,open_forest_deciduous_broad_leaf,2019-01-01,1.16079007634222
30618,open_forest_deciduous_broad_leaf,2019-01-01,1.16079007634222
116297,open_forest_deciduous_broad_leaf,2019-01-01,1.16079007634222
342347,open_forest_deciduous_broad_leaf,2019-01-01,322.262353726554
902858,open_forest_deciduous_broad_leaf,2019-01-01,1.16079008579254
197,open_forest_evergreen_broad_leaf,2019-01-01,2970.18675432131
227,open_forest_evergreen_broad_leaf,2019-01-01,14186.4918315422
3305,open_forest_evergreen_broad_leaf,2019-01-01,18318.3647588312
3306,open_forest_evergreen_broad_leaf,2019-01-01,4372.44832883451
3307,open_forest_evergreen_broad_leaf,2019-01-01,4794.91350973012
3311,open_forest_evergreen_broad_leaf,2019-01-01,1065.62419848679
3314,open_forest_evergreen_broad_leaf,2019-01-01,6294.2414061762
12226,open_forest_evergreen_broad_leaf,2019-01-01,1917.80644026157
12229,open_forest_evergreen_broad_leaf,2019-01-01,955.737242358072
12241,open_forest_evergreen_broad_leaf,2019-01-01,711.825494273933
12570,open_forest_evergreen_broad_leaf,2019-01-01,885.212878304643
12572,open_forest_evergreen_broad_leaf,2019-01-01,1114.21065187316
20224,open_forest_evergreen_broad_leaf,2019-01-01,3931.34348777069
20230,open_forest_evergreen_broad_leaf,2019-01-01,13121.4210733375
28850,open_forest_evergreen_broad_leaf,2019-01-01,530.064560568798
30604,open_forest_evergreen_broad_leaf,2019-01-01,8753.98105949489
30605,open_forest_evergreen_broad_leaf,2019-01-01,11363.1584182428
30606,open_forest_evergreen_broad_leaf,2019-01-01,2243.23244013193
30614,open_forest_evergreen_broad_leaf,2019-01-01,16624.887621386
30618,open_forest_evergreen_broad_leaf,2019-01-01,40088.2898743157
67670,open_forest_evergreen_broad_leaf,2019-01-01,915.898580723597
102817,open_forest_evergreen_broad_leaf,2019-01-01,1860.24207880064
102910,open_forest_evergreen_broad_leaf,2019-01-01,1346.13928272066
107569,open_forest_evergreen_broad_leaf,2019-01-01,7310.19825004881
115079,open_forest_evergreen_broad_leaf,2019-01-01,1247.92520070924
116297,open_forest_evergreen_broad_leaf,2019-01-01,5465.3460473774
220034,open_forest_evergreen_broad_leaf,2019-01-01,3913.25831842134
301932,open_forest_evergreen_broad_leaf,2019-01-01,8296.94124185875
302086,open_forest_evergreen_broad_leaf,2019-01-01,746.497578140246
306780,open_forest_evergreen_broad_leaf,2019-01-01,16696.1466680809
342347,open_forest_evergreen_broad_leaf,2019-01-01,12256.671497704
902858,open_forest_evergreen_broad_leaf,2019-01-01,26268.0431082249
197,open_forest_unknown,2019-01-01,11384.5796384906
227,open_forest_unknown,2019-01-01,48592.1661224715
3305,open_forest_unknown,2019-01-01,28431.9972643872
3306,open_forest_unknown,2019-01-01,8500.02454045722
3307,open_forest_unknown,2019-01-01,6330.41863149762
3311,open_forest_unknown,2019-01-01,14382.2482075762
3314,open_forest_unknown,2019-01-01,27277.6726746016
12226,open_forest_unknown,2019-01-01,16190.5586004714
12229,open_forest_unknown,2019-01-01,4720.47760804126
12241,open_forest_unknown,2019-01-01,6710.05279181989
12570,open_forest_unknown,2019-01-01,7855.07168480387
12572,open_forest_unknown,2019-01-01,10994.7957411459
20224,open_forest_unknown,2019-01-01,34138.1196344352
20230,open_forest_unknown,2019-01-01,20675.673744051
28850,open_forest_unknown,2019-01-01,11343.138577838
30604,open_forest_unknown,2019-01-01,17080.0532549631
30605,open_forest_unknown,2019-01-01,54053.6017055576
30606,open_forest_unknown,2019-01-01,9855.66398638265
30614,open_forest_unknown,2019-01-01,37370.4419515195
30618,open_forest_unknown,2019-01-01,156267.864184566
67670,open_forest_unknown,2019-01-01,7729.79124248265
102817,open_forest_unknown,2019-01-01,2921.94792475381
102910,open_forest_unknown,2019-01-01,15840.7105063232
107569,open_forest_unknown,2019-01-01,41046.9063132123
115079,open_forest_unknown,2019-01-01,10635.006962735
116297,open_forest_unknown,2019-01-01,15344.4146638117
220034,open_forest_unknown,2019-01-01,35961.7544091312
301932,open_forest_unknown,2019-01-01,12060.7879736843
302086,open_forest_unknown,2019-01-01,7558.98099243253
306780,open_forest_unknown,2019-01-01,25397.9046945062
342347,open_forest_unknown,2019-01-01,63608.5566694838
902858,open_forest_unknown,2019-01-01,81657.1581861973
3311,open_sea,2019-01-01,4977.13695055441
12226,open_sea,2019-01-01,10764.5140345491
220034,open_sea,2019-01-01,275356.891747746
197,permanent_water_bodies,2019-01-01,168.118485729161
227,permanent_water_bodies,2019-01-01,3922.74691211357
3305,permanent_water_bodies,2019-01-01,371.398154563612
3306,permanent_water_bodies,2019-01-01,350.522794108829
3311,permanent_water_bodies,2019-01-01,2364.25219285184
3314,permanent_water_bodies,2019-01-01,3.49169129731357
12226,permanent_water_bodies,2019-01-01,7115.32726471799
12570,permanent_water_bodies,2019-01-01,644.480847884588
12572,permanent_water_bodies,2019-01-01,668.815540876851
20224,permanent_water_bodies,2019-01-01,1315.02686519956
20230,permanent_water_bodies,2019-01-01,350.522794108894
30604,permanent_water_bodies,2019-01-01,6.93644753181338
30605,permanent_water_bodies,2019-01-01,1998.67559913663
30618,permanent_water_bodies,2019-01-01,1826.41272302229
67670,permanent_water_bodies,2019-01-01,1047.59622562929
102910,permanent_water_bodies,2019-01-01,279.015183455295
107569,permanent_water_bodies,2019-01-01,1851.10474547882
115079,permanent_water_bodies,2019-01-01,697.956458965278
116297,permanent_water_bodies,2019-01-01,351.677427795518
220034,permanent_water_bodies,2019-01-01,19586.8546974458
301932,permanent_water_bodies,2019-01-01,11.5989762644261
302086,permanent_water_bodies,2019-01-01,11.62584216564
342347,permanent_water_bodies,2019-01-01,38.9325994471133
902858,permanent_water_bodies,2019-01-01,6031.00910389423
197,shrubs,2019-01-01,317.566763259628
227,shrubs,2019-01-01,1214.71353138194
3305,shrubs,2019-01-01,4970.79256984828
3306,shrubs,2019-01-01,547.770387651494
3307,shrubs,2019-01-01,319.859974593204
3311,shrubs,2019-01-01,7098.17567482732
3314,shrubs,2019-01-01,2247.02896239716
12226,shrubs,2019-01-01,4407.3060318411
12229,shrubs,2019-01-01,314.476564243436
12241,shrubs,2019-01-01,1828.01360351298
12570,shrubs,2019-01-01,652.672021954881
12572,shrubs,2019-01-01,952.562004773873
20224,shrubs,2019-01-01,10766.0134945247
20230,shrubs,2019-01-01,927.612874749148
28850,shrubs,2019-01-01,4098.6949515561
30604,shrubs,2019-01-01,182.577562875927
30605,shrubs,2019-01-01,2771.64988469696
30606,shrubs,2019-01-01,420.732029716215
30614,shrubs,2019-01-01,1140.50496619317
30618,shrubs,2019-01-01,9439.16034951047
67670,shrubs,2019-01-01,823.253659113341
102817,shrubs,2019-01-01,48.5510981937558
102910,shrubs,2019-01-01,1426.30316530452
107569,shrubs,2019-01-01,2731.80566949987
115079,shrubs,2019-01-01,691.949162814887
116297,shrubs,2019-01-01,1381.59741776198
220034,shrubs,2019-01-01,11433.7044146678
301932,shrubs,2019-01-01,1810.3657632382
302086,shrubs,2019-01-01,617.40771627467
306780,shrubs,2019-01-01,851.605396886915
342347,shrubs,2019-01-01,5010.35392092
902858,shrubs,2019-01-01,3011.84642004966
