wdpa_pid,name_kfw,type_kfw,area_sqkm_kfw,mab_kfw,world_heritage_kfw,ramsar_kfw,ecosystem_kfw,bmz_n_1,bmz_n_2,bmz_n_3,bmz_n_4,bmz_n_5,bmz_n_6,bmz_n_7,bmz_n_8,bmz_n_9,bmz_n_10
68,Parque Nacional Monte Pascoal,National Park,223.3,NA,NA,NA,Wald,209810961,NA,NA,NA,NA,NA,NA,NA,NA,NA
198352,Parque Nacional do Descobrimento,National Park,226.9,NA,NA,NA,Wald,209810961,NA,NA,NA,NA,NA,NA,NA,NA,NA
555511939,Serrania de los Yarguies,National Park,590.63,NA,NA,NA,Wald,201265685,NA,NA,NA,NA,NA,NA,NA,NA,NA
18839,Lancetilla,National Park,19.6,NA,NA,NA,Wald,201165984,NA,NA,NA,NA,NA,NA,NA,NA,NA
555629313,Cerro Mampil,National Park,0.1,NA,NA,NA,Wald,201067164,NA,NA,NA,NA,NA,NA,NA,NA,NA
555556016,La Primavera,National Park,0.9,NA,NA,NA,Wald,201067164,NA,NA,NA,NA,NA,NA,NA,NA,NA
555600297,Reserva Particular do Patrimônio Natural Rio Jardim,National Park,0.1,NA,NA,NA,Wald,209810961,NA,NA,NA,NA,NA,NA,NA,NA,NA
555600202,Reserva Particular do Patrimônio Natural Carroula,National Park,0.15,NA,NA,NA,Wald,209810961,NA,NA,NA,NA,NA,NA,NA,NA,NA
478454,PNM de Petrópolis,National Park,0.2,NA,NA,NA,Wald,209810961,NA,NA,NA,NA,NA,NA,NA,NA,NA
555629305,Los Regadíos,National Park,0.3,NA,NA,NA,Wald,201067164,NA,NA,NA,NA,NA,NA,NA,NA,NA
555599979,RPPN Fazenda Suspiro,National Park,0.18,NA,NA,NA,Wald,209810961,NA,NA,NA,NA,NA,NA,NA,NA,NA
555629331,Montana Negra,National Park,0.61,NA,NA,NA,Wald,201067164,NA,NA,NA,NA,NA,NA,NA,NA,NA
555576230,RPPN Serra do Itatins,National Park,0.75,NA,NA,NA,Wald,209810961,NA,NA,NA,NA,NA,NA,NA,NA,NA
555629363,Asunlaq,National Park,0.3,NA,NA,NA,Wald,201067164,NA,NA,NA,NA,NA,NA,NA,NA,NA
555637340,Twi A'ljwitz,National Park,1.3,NA,NA,NA,Wald,201067164,NA,NA,NA,NA,NA,NA,NA,NA,NA
555600241,RPPN Santa Maria I,National Park,0.97,NA,NA,NA,Wald,209810961,NA,NA,NA,NA,NA,NA,NA,NA,NA
555600250,RPPN Santa Maria III,National Park,1.6,NA,NA,NA,Wald,209810961,NA,NA,NA,NA,NA,NA,NA,NA,NA
555600223,RPPN Santa Maria II,National Park,1.59,NA,NA,NA,Wald,209810961,NA,NA,NA,NA,NA,NA,NA,NA,NA
555600232,RPPN Graziela Maciel Barroso,National Park,1.84,NA,NA,NA,Wald,209810961,NA,NA,NA,NA,NA,NA,NA,NA,NA
351720,Ilha do Ameixal,National Park,3.59,NA,NA,NA,Küste,209810961,NA,NA,NA,NA,NA,NA,NA,NA,NA
555682146,ESEC Montes das Flores,National Park,2.1,NA,NA,NA,Wald,209810961,NA,NA,NA,NA,NA,NA,NA,NA,NA
555629318,A'qoma,National Park,3,NA,NA,NA,Wald,201067164,NA,NA,NA,NA,NA,NA,NA,NA,NA
555629306,Piedras de Cap Tzin,National Park,3,NA,NA,NA,Wald,201067164,NA,NA,NA,NA,NA,NA,NA,NA,NA
31398,Estoraques,Unique Nature Area,6.41,NA,NA,NA,Hochgebirge,201065143,NA,NA,NA,NA,NA,NA,NA,NA,NA
351931,Parque Estadual da Ilha do Mel,National Park,4,NA,NA,NA,Wald,209810961,NA,NA,NA,NA,NA,NA,NA,NA,NA
107428,Bola de Monte,Área Natural,0.01,NA,NA,NA,Küste,201768464,NA,NA,NA,NA,NA,NA,NA,NA,NA
478416,Silvestre Rio dos Frades,National Park,9,NA,NA,NA,Wald,209810961,NA,NA,NA,NA,NA,NA,NA,NA,NA
41027,Port Royal,National Park,5,NA,NA,NA,Küste,201165984,NA,NA,NA,NA,NA,NA,NA,NA,NA
128,Los Colorados,Flora and Fauna Sanctuary,10,NA,NA,NA,Wald,201065143,NA,NA,NA,NA,NA,NA,NA,NA,NA
555576373,RESEX Ilha do Tumba,National Park,11.28,NA,NA,NA,Wald,209810961,NA,NA,NA,NA,NA,NA,NA,NA,NA
35271,Old Providence McBean Lagoon,National Park,9.95,Seaflower,NA,NA,Küste,201065143,NA,NA,NA,NA,NA,NA,NA,NA,NA
555576249,ARIE Guará,National Park,4,NA,NA,NA,Wald,209810961,NA,NA,NA,NA,NA,NA,NA,NA,NA
12494,El Imposible,Parque Nacional,35.21,NA,NA,NA,Wald,201768464,NA,NA,NA,NA,NA,NA,NA,NA,NA
555576325,PN Marinho Ilha dos Currais,National Park,13.61,NA,NA,NA,Wald,209810961,NA,NA,NA,NA,NA,NA,NA,NA,NA
555576152,PE Cristalino II,ESEC,24.51,NA,NA,NA,Wald,201367127,NA,NA,NA,NA,NA,NA,NA,NA,NA
302095,Ipala,Área de Uso multiple,20.12,NA,NA,NA,Wald,201206787,NA,NA,NA,NA,NA,NA,NA,NA,NA
351719,Mandira,National Park,11.76,NA,NA,NA,Küste,209810961,NA,NA,NA,NA,NA,NA,NA,NA,NA
351821,ESEC Guanabara,National Park,19.35,NA,NA,NA,Wald,209810961,NA,NA,NA,NA,NA,NA,NA,NA,NA
555576260,RDS Itapanhapima,National Park,12.43,NA,NA,NA,Wald,209810961,NA,NA,NA,NA,NA,NA,NA,NA,NA
555629317,La Vieja Catarina,National Park,1,NA,NA,NA,Wald,201067164,NA,NA,NA,NA,NA,NA,NA,NA,NA
40924,ESEC Guaraguaçu,National Park,11.5,NA,NA,NA,Wald,209810961,NA,NA,NA,NA,NA,NA,NA,NA,NA
555599932,Estação Ecológica Ilha do Mel,National Park,22.41,NA,NA,NA,Wald,209810961,NA,NA,NA,NA,NA,NA,NA,NA,NA
478591,PE do Prelado,National Park,18.28,NA,NA,NA,Wald,209810961,NA,NA,NA,NA,NA,NA,NA,NA,NA
555600294,PE Cristalino III,ESEC,16.17,NA,NA,NA,Wald,201367127,NA,NA,NA,NA,NA,NA,NA,NA,NA
95337,Jeanette Kawas,National Park,793.8,NA,NA,Jeanette Kawas,Küste,201165984,NA,NA,NA,NA,NA,NA,NA,NA,NA
555576159,RESEX Taquaril,National Park,16.62,NA,NA,NA,Wald,209810961,NA,NA,NA,NA,NA,NA,NA,NA,NA
18823,El Pital,Reserva Biologica,33.24,NA,NA,NA,Wald,201206787,NA,NA,NA,NA,NA,NA,NA,NA,NA
478502,RDS Barra do Uma,National Park,14.87,NA,NA,NA,Wald,209810961,NA,NA,NA,NA,NA,NA,NA,NA,NA
351996,Parque Estadual Campina do Encantado,National Park,32,NA,NA,NA,Wald,209810961,NA,NA,NA,NA,NA,NA,NA,NA,NA
555682331,APA  Jaceruba,National Park,24.74,NA,NA,NA,Wald,209810961,NA,NA,NA,NA,NA,NA,NA,NA,NA
15981,REBIO de Araras,National Park,38.62,NA,NA,NA,Wald,209810961,NA,NA,NA,NA,NA,NA,NA,NA,NA
303546,El Corchal,Flora and Fauna Sanctuary,38.5,NA,NA,NA,Küste,201065143,NA,NA,NA,NA,NA,NA,NA,NA,NA
18841,Erapuca,Refugio de Vida Silvestre,62.22,NA,NA,NA,Wald,201206787,NA,NA,NA,NA,NA,NA,NA,NA,NA
19434,Chauás,National Park,27,NA,Atlantic Forest South-East Reserves,NA,Küste,209810961,NA,NA,NA,NA,NA,NA,NA,NA,NA
20229,Caracol Maya Ruins,National Park,103,NA,NA,NA,Küste + EEZ,200866657,NA,NA,NA,NA,NA,NA,NA,NA,NA
352120,APA Bacia do Rio dos Frades,National Park,75,NA,NA,NA,Wald,209810961,NA,NA,NA,NA,NA,NA,NA,NA,NA
352012,Parque Estadual do Boguaçu,National Park,60.5,NA,NA,NA,Wald,209810961,NA,NA,NA,NA,NA,NA,NA,NA,NA
478537,RDS Despraiado,National Park,39.53,NA,NA,NA,Wald,209810961,NA,NA,NA,NA,NA,NA,NA,NA,NA
126,Los Flamencos,Flora and Fauna Sanctuary,76.15,NA,NA,NA,Küste,201065143,NA,NA,NA,NA,NA,NA,NA,NA,NA
301932,Nojkaaxmeen Eligio Panti,National Park,51,NA,NA,NA,Küste,200866657,NA,NA,NA,NA,NA,NA,NA,NA,NA
351822,RESEX Chocoaré-Mato Grosso,National Park,27.59,NA,NA,NA,Wald,201367127,NA,NA,NA,NA,NA,NA,NA,NA,NA
555582978,Guanaja 2,National Park,27.03,NA,NA,NA,Wald,201165984,NA,NA,NA,NA,NA,NA,NA,NA,NA
12223,Galeras,Flora and Fauna Sanctuary,76.15,NA,NA,NA,Wald,201265685,NA,NA,NA,NA,NA,NA,NA,NA,NA
41011,Capiro y Calentura,National Park,80.82,NA,NA,NA,Wald,201165984,NA,NA,NA,NA,NA,NA,NA,NA,NA
35272,Guanentá Alto Río Fonce,Flora and Fauna Sanctuary,104.29,NA,NA,NA,Hochgebirge,201065143,NA,NA,NA,NA,NA,NA,NA,NA,NA
107427,Barra de Santiago,Área Natural,18.48,NA,NA,Barra de Santiago,Küste,201768464,NA,NA,NA,NA,NA,NA,NA,NA,NA
217,Cofre de Perote,Parque Nacional,11.531,NA,NA,NA,Wald,201166156,201567957,NA,NA,NA,NA,NA,NA,NA,NA
351721,Ilha da Queimada Grande e Queimada Pequena,National Park,0.33,NA,NA,NA,Küste,209810961,NA,NA,NA,NA,NA,NA,NA,NA,NA
351780,RESEX São João da Ponta,RESEX,34.09,NA,NA,NA,Wald,201367127,NA,NA,NA,NA,NA,NA,NA,NA,NA
342379,Guisayote,Reserva Biologica,140.81,NA,NA,NA,Wald,201206787,NA,NA,NA,NA,NA,NA,NA,NA,NA
12225,Fresh Water Creek,National Park,135,NA,NA,NA,Küste,200866657,NA,NA,NA,NA,NA,NA,NA,NA,NA
351840,APA Guapimirim,National Park,138.25,NA,NA,NA,Wald,209810961,NA,NA,NA,NA,NA,NA,NA,NA,NA
36051,Laguna de Guaimoreto,National Park,85.94,NA,NA,NA,Küste,201165984,NA,NA,NA,NA,NA,NA,NA,NA,NA
127,Iguaque,Flora and Fauna Sanctuary,67.5,NA,NA,NA,Hochgebirge,201065143,NA,NA,NA,NA,NA,NA,NA,NA,NA
555592746,Bahia Portete Kaumele,National Park,140.8,NA,NA,NA,Küste,201065143,NA,NA,NA,NA,NA,NA,NA,NA,NA
555576365,PNM Montanhas de Teresópolis,National Park,43.97,NA,NA,NA,Wald,209810961,NA,NA,NA,NA,NA,NA,NA,NA,NA
18816,Barras de Cuero y Salado,National Park,130.3,NA,NA,Barras de Cuero y Salado,Küste,201165984,NA,NA,NA,NA,NA,NA,NA,NA,NA
116297,Vaca forest Reserve,National Park,141,NA,NA,NA,Küste,200866657,NA,NA,NA,NA,NA,NA,NA,NA,NA
23306,Cusuco,Parque Nacional,190.07,NA,NA,NA,Wald,201768464,NA,NA,NA,NA,NA,NA,NA,NA,NA
41024,Punta Izopo,National Park,227.4,NA,NA,Punta Izopo,Wald,201165984,NA,NA,NA,NA,NA,NA,NA,NA,NA
152,Tayrona,National Park,150,NA,NA,NA,Küste,201065143,NA,NA,NA,NA,NA,NA,NA,NA,NA
555592954,El Morro Wildlife Reserve,Wildlife Reserve,118,NA,NA,NA,Küste + EEZ,201697515,NA,NA,NA,NA,NA,NA,NA,NA,NA
107153,Trifinio,Reserva de Biósfera,1484.82,Trifinio,NA,"San Diego, San Felipe las Barras",Wald,201206787,NA,NA,NA,NA,NA,NA,NA,NA,NA
902744,Sarstoon Temash,National Park,169.92,NA,NA,Sarstoon Temash,Küste,201768464,NA,NA,NA,NA,NA,NA,NA,NA,NA
107424,Los Cóbanos,Áera Natural,207.63,NA,NA,NA,Meer,201768464,NA,NA,NA,NA,NA,NA,NA,NA,NA
555600266,RESEX Marinha Cuinarana,RESEX,110.37,NA,NA,NA,Wald,201367127,NA,NA,NA,NA,NA,NA,NA,NA,NA
198353,PN Pau Brasil,National Park,190.27,NA,NA,NA,Wald,209810961,NA,NA,NA,NA,NA,NA,NA,NA,NA
214,Pico de Orizaba,Parque Nacional,19.75,NA,NA,NA,Wald,201166156,201567957,NA,NA,NA,NA,NA,NA,NA,NA
72,PARNA Serra dos Órgãos,National Park,200,NA,NA,NA,Wald,209810961,NA,NA,NA,NA,NA,NA,NA,NA,NA
101416_B,Sierra del Abra Tanchipa,Área de Protección de Flora y Fauna,21.464,NA,NA,NA,Wald,201166156,201567957,NA,NA,NA,NA,NA,NA,NA,NA
555600245,RESEX Marinha Mocapajuba,RESEX,210.29,NA,NA,NA,Wald,201367127,NA,NA,NA,NA,NA,NA,NA,NA,NA
555582992,Nombre de Dios,National Park,267.58,NA,NA,NA,Wald,201165984,NA,NA,NA,NA,NA,NA,NA,NA,NA
555592745,Acandí,Flora and Fauna Sanctuary,262.33,NA,NA,NA,Küste,201065143,NA,NA,NA,NA,NA,NA,NA,NA,NA
351972,Parque Estadual Ilha do Cardoso,National Park,135,NA,Atlantic Forest South-East Reserves,NA,Wald,209810961,NA,NA,NA,NA,NA,NA,NA,NA,NA
351863,Área de Proteção Ambiental de Caraíva-Trancoso,National Park,319,NA,NA,NA,Wald,209810961,NA,NA,NA,NA,NA,NA,NA,NA,NA
351718,Parque Nacional de Saint-Hilaire/Lange,National Park,251.2,NA,NA,NA,Wald,209810961,NA,NA,NA,NA,NA,NA,NA,NA,NA
555555613,Illescas,National Park,37,NA,NA,NA,Küste,201066661,NA,NA,NA,NA,NA,NA,NA,NA,NA
18845,Texiguat,National Park,469.85,NA,NA,NA,Wald,201165984,NA,NA,NA,NA,NA,NA,NA,NA,NA
555576334,REBIO Bom Juses,National Park,341.79,NA,NA,NA,Wald,209810961,NA,NA,NA,NA,NA,NA,NA,NA,NA
12555,Cerro San Gil,Rerserva Protectora de Manantiales,474.35,NA,NA,NA,Wald,201768464,NA,NA,NA,NA,NA,NA,NA,NA,NA
39850,APA de Macaé de Cima,National Park,350.37,NA,NA,NA,Wald,209810961,NA,NA,NA,NA,NA,NA,NA,NA,NA
10754,Gorgona,National Park,616.88,NA,NA,NA,Küste,201265685,NA,NA,NA,NA,NA,NA,NA,NA,NA
18744,REBIO Tinguá,National Park,261.4,NA,NA,NA,Wald,209810961,NA,NA,NA,NA,NA,NA,NA,NA,NA
352062,PE Serra dos Martírios-Andorinhas,PARQUE,248.97,NA,NA,NA,Wald,201367127,NA,NA,NA,NA,NA,NA,NA,NA,NA
149,Macuira,National Park,250,NA,NA,NA,Savanne,201065143,NA,NA,NA,NA,NA,NA,NA,NA,NA
102254,San San Pond Sak,Humedal,310,NA,NA,San Son Pond Sak,Küste,201768464,NA,NA,NA,NA,NA,NA,NA,NA,NA
306787,Cuenca Hidrográfica del Río Necaxa,Área de Protección de Recursos Naturales,42.129,NA,NA,NA,Wald,201166156,201567957,NA,NA,NA,NA,NA,NA,NA,NA
555600255,RESEX Marinha Mestre Lucindo,RESEX,264.65,NA,NA,NA,Wald,201367127,NA,NA,NA,NA,NA,NA,NA,NA,NA
351802,RESEX Ipaú-Anilzinho,National Park,558.16,NA,NA,NA,Wald,201367127,NA,NA,NA,NA,NA,NA,NA,NA,NA
3305,Mountain Pine Ridge,National Park,430,NA,NA,NA,Küste,200866657,NA,NA,NA,NA,NA,NA,NA,NA,NA
3306,Chiquibul Forest Reserve,National Park,598,NA,NA,NA,Küste + EEZ,200866657,NA,NA,NA,NA,NA,NA,NA,NA,NA
125,Ciénaga Grande de Santa Marta,Flora and Fauna Sanctuary,268.1,Ciénaga Grande de Santa Marta,NA,Ciénaga Grande de Santa Marta,Küste,201065143,NA,NA,NA,NA,NA,NA,NA,NA,NA
315070,Área de Uso Múltiple Río Sarstún,National Park,475.82,NA,NA,NA,Küste,201066836,NA,NA,NA,NA,NA,NA,NA,NA,NA
99652,South Water Caye*,Marine Reserve,474.03,NA,Belize Barrier Reef Reserve System,NA,Küste,201066836,201136613,NA,NA,NA,NA,NA,NA,NA,NA
33617,PE Serra dos Reis,PARQUE,422.87,NA,NA,NA,Wald,201367127,NA,NA,NA,NA,NA,NA,NA,NA,NA
555555692,Uramba Bahia Malaga,National Park,470.94,NA,NA,NA,Küste,201265685,NA,NA,NA,NA,NA,NA,NA,NA,NA
31758,Serra da Tabatinga,Protected Area,351.85,NA,NA,NA,Savanne,209810854,NA,NA,NA,NA,NA,NA,NA,NA,NA
303549,Utria,National Park,543,NA,NA,NA,Küste,201265685,NA,NA,NA,NA,NA,NA,NA,NA,NA
198,Kaiateur,National Park,626.8,NA,NA,NA,Wald,200865444,201167063,NA,NA,NA,NA,NA,NA,NA,NA
352152,PE do Guariba,PARQUE,722.96,NA,NA,NA,Wald,201367127,NA,NA,NA,NA,NA,NA,NA,NA,NA
145,Pisba,National Park,450,NA,NA,NA,Hochgebirge,201065143,NA,NA,NA,NA,NA,NA,NA,NA,NA
555624849,ESEC de Guaraqueçaba,National Park,44.76,NA,Atlantic Forest South-East Reserves,NA,Wald,209810961,NA,NA,NA,NA,NA,NA,NA,NA,NA
146,Munchique,National Park,440,NA,NA,NA,Wald,201265685,201136613,NA,NA,NA,NA,NA,NA,NA,NA
19274,Parque Nacional do Superagüi,National Park,340,NA,Atlantic Forest South-East Reserves,NA,Wald,209810961,NA,NA,NA,NA,NA,NA,NA,NA,NA
351782,RESEX Mãe Grande de Curuçá,RESEX,366.78,NA,NA,NA,Wald,201367127,NA,NA,NA,NA,NA,NA,NA,NA,NA
555576184,PE Lagamar-Canaéia,National Park,407.58,NA,NA,NA,Wald,209810961,NA,NA,NA,NA,NA,NA,NA,NA,NA
33608,EE de Samuel,PARQUE,710.61,NA,NA,NA,Wald,201367127,NA,NA,NA,NA,NA,NA,NA,NA,NA
351801,RDS Itatupã-Baquiá,National Park,647.35,NA,NA,NA,Wald,201367127,NA,NA,NA,NA,NA,NA,NA,NA,NA
29809,Gulf of Montijo Wetlands,Wetland,807,NA,NA,NA,Küste + EEZ,201697515,NA,NA,NA,NA,NA,NA,NA,NA,NA
351781,RESEX Maracanã,National Park,300.19,NA,NA,NA,Wald,201367127,NA,NA,NA,NA,NA,NA,NA,NA,NA
107569,Cañón del Usumacinta,Área de Protección de Flora y Fauna,46.128,NA,NA,NA,Wald,201166156,201567957,NA,NA,NA,NA,NA,NA,NA,NA
352146,PE do Rio Negro Setor Sul,RESEX,866.01,NA,NA,NA,Wald,201367127,NA,NA,NA,NA,NA,NA,NA,NA,NA
555626131,Bahía de Tela,National Park,862.6,NA,NA,NA,Meer,201165984,NA,NA,NA,NA,NA,NA,NA,NA,NA
351805,RESEX Arioca-Pruanã,National Park,834.45,NA,NA,NA,Wald,201367127,NA,NA,NA,NA,NA,NA,NA,NA,NA
142,Los Katio,National Park,720,NA,NA,NA,Küste,201265685,201136613,NA,NA,NA,NA,NA,NA,NA,NA
555636002,Gulf of Tribuga,Marine PA,601,NA,NA,NA,Küste + EEZ,201697515,NA,NA,NA,NA,NA,NA,NA,NA,NA
115772,EE do Rio Ronuro,PARQUE,1020,NA,NA,NA,Wald,201367127,NA,NA,NA,NA,NA,NA,NA,NA,NA
36053,Río Kruta,N.N.,1115.07,NA,NA,NA,Küste,201768464,NA,NA,NA,NA,NA,NA,NA,NA,NA
167,Tortuguero,Parque Nacional,723.59,NA,NA,Tortuguero,Meer,201768464,NA,NA,NA,NA,NA,NA,NA,NA,NA
108073,Sistema Arrecifal Lobos Tuxpan,Área de Protección de Flora y Fauna,30.571,NA,NA,NA,Küste,201166156,201567957,NA,NA,NA,NA,NA,NA,NA,NA
150,Isla de Salamanca,Vía Parque,562,Ciénaga Grande de Santa Marta,NA,Ciénaga Grande de Santa Marta,Küste,201065143,NA,NA,NA,NA,NA,NA,NA,NA,NA
33712,EE do Rio Roosevelt,REBIO,969.25,NA,NA,NA,Wald,201367127,NA,NA,NA,NA,NA,NA,NA,NA,NA
140,Sanquianga,National Park,800,NA,NA,NA,Wald,201265685,NA,NA,NA,NA,NA,NA,NA,NA,NA
16105,APA Petrópolis,National Park,596.18,NA,NA,NA,Wald,209810961,NA,NA,NA,NA,NA,NA,NA,NA,NA
2219,EE de Maracá-Jipioca,National Park,720,NA,NA,NA,Wald,201367127,NA,NA,NA,NA,NA,NA,NA,NA,NA
555636640,RDS Puranga Conquista,PARQUE,769.36,NA,NA,NA,Wald,201367127,NA,NA,NA,NA,NA,NA,NA,NA,NA
147,Los Nevados,National Park,380,NA,NA,NA,Hochgebirge,201265685,201136613,NA,NA,NA,NA,NA,NA,NA,NA
41010,Cayos Cochinos,National Park,1220,NA,NA,NA,Meer,201165984,NA,NA,NA,NA,NA,NA,NA,NA,NA
351997,PE Cristalino I,ESEC,579,NA,NA,NA,Wald,201367127,NA,NA,NA,NA,NA,NA,NA,NA,NA
18810,Pico Bonito,National Park,1070.9,NA,NA,NA,Wald,201165984,NA,NA,NA,NA,NA,NA,NA,NA,NA
81058,Juréia-Itatins,National Park,844.25,NA,NA,NA,Küste,209810961,NA,NA,NA,NA,NA,NA,NA,NA,NA
2222,EE Rio Acre,National Park,775,NA,NA,NA,Wald,201367127,NA,NA,NA,NA,NA,NA,NA,NA,NA
352027,PE do Xingu,PARQUE,950.25,NA,NA,NA,Wald,201367127,NA,NA,NA,NA,NA,NA,NA,NA,NA
12493,Barra del Colordo,Refugio Nacional de Vida Silvestre,811.77,NA,NA,NA,Küste,201768464,NA,NA,NA,NA,NA,NA,NA,NA,NA
33609,EE Serra dos Três Irmãos,ESEC,874.12,NA,NA,NA,Wald,201367127,NA,NA,NA,NA,NA,NA,NA,NA,NA
352121,APA da Bacia do Rio Macacu,National Park,195,NA,NA,NA,Wald,209810961,NA,NA,NA,NA,NA,NA,NA,NA,NA
144,Tamá,National Park,480,NA,NA,NA,Hochgebirge,201065143,NA,NA,NA,NA,NA,NA,NA,NA,NA
33714,RESEX Rio Preto Jacundá,RDS,953,NA,NA,NA,Wald,201367127,NA,NA,NA,NA,NA,NA,NA,NA,NA
555576164,Ilha Comprida,National Park,175.72,NA,Atlantic Forest South-East Reserves,NA,Küste,209810961,NA,NA,NA,NA,NA,NA,NA,NA,NA
352151,RESEX do Guariba,RDS,1504.65,NA,NA,NA,Wald,201367127,NA,NA,NA,NA,NA,NA,NA,NA,NA
103168,Yum Balam,National Park,1540.52,NA,NA,Área de Protección de Flora y Fauna Yum Balam,Küste,201468594,NA,NA,NA,NA,NA,NA,NA,NA,NA
352013,PE do Cantão,PARQUE,900.18,NA,NA,NA,Wald,201367127,NA,NA,NA,NA,NA,NA,NA,NA,NA
351749,RESEX Barreiro das Antas,National Park,1072.34,NA,NA,NA,Wald,201367127,NA,NA,NA,NA,NA,NA,NA,NA,NA
352154,RDS Bararati,RDS,1136.06,NA,NA,NA,Wald,201367127,NA,NA,NA,NA,NA,NA,NA,NA,NA
6074,RB do Tapirapé,National Park,1030,NA,NA,NA,Wald,201367127,NA,NA,NA,NA,NA,NA,NA,NA,NA
351747,RESEX do Rio Cautário,National Park,738.18,NA,NA,NA,Wald,201367127,NA,NA,NA,NA,NA,NA,NA,NA,NA
2234,Los Corales del Rosario y San Bernardo,National Park,1200,NA,NA,NA,Küste,201265685,NA,NA,NA,NA,NA,NA,NA,NA,NA
352197,PE Igarapés do Juruena,PARQUE,2278.17,NA,NA,NA,Wald,201367127,NA,NA,NA,NA,NA,NA,NA,NA,NA
352149,PE do Rio Negro Setor Norte,PARQUE,1460.28,NA,NA,NA,Wald,201367127,NA,NA,NA,NA,NA,NA,NA,NA,NA
2218,EE de Maracá,National Park,1013.12,NA,NA,NA,Wald,201367127,NA,NA,NA,NA,NA,NA,NA,NA,NA
141,Purace,National Park,830,NA,NA,NA,Wald,201265685,NA,NA,NA,NA,NA,NA,NA,NA,NA
12564,Punta Manabique,National Park,1518.78,NA,NA,Punta de Manabique,Küste,200766667,201136613,NA,NA,NA,NA,NA,NA,NA,NA
19993,Catatumbo-Bari,National Park,1581.25,NA,NA,NA,Wald,201265685,NA,NA,NA,NA,NA,NA,NA,NA,NA
555576206,RDS do Rio Negro,RDS,1029.79,Amazônia Central,NA,NA,Wald,201367127,NA,NA,NA,NA,NA,NA,NA,NA,NA
351834,RESEX Arapixi,National Park,1336.37,NA,NA,NA,Wald,201367127,NA,NA,NA,NA,NA,NA,NA,NA,NA
20224,Rio Bravo PR,Private Reserve,104.9,NA,NA,NA,Wald,200866657,NA,NA,NA,NA,NA,NA,NA,NA,NA
351800,RESEX Mapuá,National Park,944.64,NA,NA,NA,Wald,201367127,NA,NA,NA,NA,NA,NA,NA,NA,NA
301909,Corozal Bay*,Wildlife Sanctuary,730.49,NA,NA,NA,Küste,201066836,201136613,NA,NA,NA,NA,NA,NA,NA,NA
478426,RESEX Renascer,RESEX,2117.41,NA,NA,NA,Wald,201367127,NA,NA,NA,NA,NA,NA,NA,NA,NA
555599933,APA Ambiental Estadual de Guaratuba,National Park,1995.87,NA,NA,NA,Wald,209810961,NA,NA,NA,NA,NA,NA,NA,NA,NA
20230,Chiquibul National Park,National Park,1068,NA,NA,NA,Küste + EEZ,200866657,NA,NA,NA,NA,NA,NA,NA,NA,NA
138,Los Farallones de Cali,National Park,1500,NA,NA,NA,Wald,201265685,NA,NA,NA,NA,NA,NA,NA,NA,NA
136,Nevado del Huila,National Park,1580,NA,NA,NA,Wald,201265685,201136613,NA,NA,NA,NA,NA,NA,NA,NA
30614,Montanas Mayas Chiquibul,National Park,1236,NA,NA,NA,Wald,200866657,NA,NA,NA,NA,NA,NA,NA,NA,NA
30625,Laguna de Caratasca,N.N.,1337.49,NA,NA,NA,Küste,201768464,NA,NA,NA,NA,NA,NA,NA,NA,NA
555624843,PN do Viruá,National Park,2270.11,NA,NA,NA,Wald,201367127,NA,NA,NA,NA,NA,NA,NA,NA,NA
351772,RESEX do Baixo Juruá,National Park,1879.82,NA,NA,NA,Wald,201367127,NA,NA,NA,NA,NA,NA,NA,NA,NA
903013,Los Tuxtlas,Reserva de la Biosfera,155.122,NA,NA,NA,Wald,201166156,201567957,NA,NA,NA,NA,NA,NA,NA,NA
351759,RESEX do Alto Tarauacá,National Park,1512,NA,NA,NA,Wald,201367127,NA,NA,NA,NA,NA,NA,NA,NA,NA
351778,RESEX de Cururupu,National Park,1850.47,NA,NA,NA,Wald,201367127,NA,NA,NA,NA,NA,NA,NA,NA,NA
555576283,RESEX Canutama,RESEX,1979.87,NA,NA,NA,Wald,201367127,NA,NA,NA,NA,NA,NA,NA,NA,NA
101431,Maderas del Carmen,Área de Protección de Flora y Fauna,208.381,NA,NA,NA,Wald,201166156,201567957,NA,NA,NA,NA,NA,NA,NA,NA
7906,APA de Guaraqueçaba,National Park,2824.44,NA,NA,NA,Küste,209810961,NA,NA,NA,NA,NA,NA,NA,NA,NA
67744,Sierra de las Minas,Reserva de Biósfera,2396.91,Sierra de las Minas,NA,NA,Wald,201768464,NA,NA,NA,NA,NA,NA,NA,NA,NA
19995,Tinigua,National Park,2018.75,NA,NA,NA,Wald,201265685,NA,NA,NA,NA,NA,NA,NA,NA,NA
81060,Abrolhos,National Park,913,Mata Atlântica,NA,Abrolhos Marine National Park,Küste,209810961,NA,NA,NA,NA,NA,NA,NA,NA,NA
342347,Área de Protección de flora y fauna Bala'an K'áax,National Park,1284,NA,NA,Área de Protección de flora y fauna Bala'an K'áax,Wald,200866657,NA,NA,NA,NA,NA,NA,NA,NA,NA
351831,RESEX Terra Grande Pracuúba,National Park,1946.95,NA,NA,NA,Wald,201367127,NA,NA,NA,NA,NA,NA,NA,NA,NA
31777,RESEX do Rio Ouro Preto,National Park,2045.83,NA,NA,NA,Wald,201367127,NA,NA,NA,NA,NA,NA,NA,NA,NA
137,Sumapaz,National Park,1540,NA,NA,NA,Wald,201265685,NA,NA,NA,NA,NA,NA,NA,NA,NA
134,Cordillera de los Picachos,National Park,4447.4,NA,NA,NA,Wald,201265685,NA,NA,NA,NA,NA,NA,NA,NA,NA
33612,PE Guajara-Mirim,PARQUE,2165.68,NA,NA,NA,Wald,201367127,NA,NA,NA,NA,NA,NA,NA,NA,NA
555576482,RDS Matupiri,National Park,1790.83,NA,NA,NA,Wald,201367127,NA,NA,NA,NA,NA,NA,NA,NA,NA
351773,RESEX do Rio Jutai,National Park,2755.33,NA,NA,NA,Wald,201367127,NA,NA,NA,NA,NA,NA,NA,NA,NA
351777,RESEX Auati-Paraná,National Park,1469.51,NA,NA,NA,Wald,201367127,NA,NA,NA,NA,NA,NA,NA,NA,NA
351795,RB da Nascentes da Serra do Cachimbo,National Park,3424.78,NA,NA,NA,Wald,201367127,NA,NA,NA,NA,NA,NA,NA,NA,NA
903016,Pantanos de Centla,Reserva de la Biosfera,302.707,NA,NA,NA,Wald,201166156,201567957,NA,NA,NA,NA,NA,NA,NA,NA
42,RB do Lago Piratuba,National Park,3570,NA,NA,NA,Wald,201367127,NA,NA,NA,NA,NA,NA,NA,NA,NA
10845,EE de Jutaí-Solimões,National Park,2842.85,NA,NA,NA,Wald,201367127,NA,NA,NA,NA,NA,NA,NA,NA,NA
30628,Indio Maíz,Reserva Biológica,2639.8,Indio Maíz,NA,NA,Wald,201768464,NA,NA,NA,NA,NA,NA,NA,NA,NA
115769,PE Serra de Ricardo Franco,ESEC,1586.21,NA,NA,NA,Wald,201367127,NA,NA,NA,NA,NA,NA,NA,NA,NA
352135,RESEX do Catuá Ipixuna,RESEX,2174.86,NA,NA,NA,Wald,201367127,NA,NA,NA,NA,NA,NA,NA,NA,NA
351713,RESEX Riozinho da Liberdade,National Park,3256.03,NA,NA,NA,Wald,201367127,NA,NA,NA,NA,NA,NA,NA,NA,NA
351748,PN Serra da Cutia,National Park,2836.11,NA,NA,NA,Wald,201367127,NA,NA,NA,NA,NA,NA,NA,NA,NA
10795,RB do Gurupi,National Park,3416.5,NA,NA,NA,Wald,201367127,NA,NA,NA,NA,NA,NA,NA,NA,NA
44,RB do Jaru,National Park,3281.5,NA,NA,NA,Wald,201367127,NA,NA,NA,NA,NA,NA,NA,NA,NA
2553,Amistad,Parque Internacional,1905.13,NA,NA,NA,Wald,201768464,NA,NA,NA,NA,NA,NA,NA,NA,NA
351767,RESEX do Lago Capanã Grande,National Park,3041.46,NA,NA,NA,Wald,201367127,NA,NA,NA,NA,NA,NA,NA,NA,NA
352158,RDS Aripuanã,RESEX,2242.91,NA,NA,NA,Wald,201367127,NA,NA,NA,NA,NA,NA,NA,NA,NA
351769,RESEX do Medio Juruá,National Park,2869.33,NA,NA,NA,Wald,201367127,NA,NA,NA,NA,NA,NA,NA,NA,NA
133,Cocuy,National Park,3060,NA,NA,NA,Hochgebirge,201065143,NA,NA,NA,NA,NA,NA,NA,NA,NA
10826,EE Niquiá,National Park,2866,NA,NA,NA,Wald,201367127,NA,NA,NA,NA,NA,NA,NA,NA,NA
101457,Cañón de Santa Elena,Área de Protección de Flora y Fauna,277.21,NA,NA,NA,Wald,201166156,201567957,NA,NA,NA,NA,NA,NA,NA,NA
478422,RESEX do Rio Xingu,National Park,3038.41,NA,NA,NA,Wald,201367127,NA,NA,NA,NA,NA,NA,NA,NA,NA
351712,PN da Serra do Pardo,National Park,4453.92,NA,NA,NA,Wald,201367127,NA,NA,NA,NA,NA,NA,NA,NA,NA
132,Sierra Nevada de Santa Marta,National Park,3830,Sierra Nevada de Santa Marta,NA,NA,Hochgebirge,201065143,NA,NA,NA,NA,NA,NA,NA,NA,NA
900668,Sierra Gorda,Reserva de la Biosfera,383.567,NA,NA,NA,Wald,201166156,201567957,NA,NA,NA,NA,NA,NA,NA,NA
43,RB do Rio Trombetas,National Park,3850,NA,NA,NA,Wald,201367127,NA,NA,NA,NA,NA,NA,NA,NA,NA
4891,EE do Jari,National Park,2271.26,NA,NA,NA,Wald,201367127,NA,NA,NA,NA,NA,NA,NA,NA,NA
107806,Ocampo,Área de Protección de Flora y Fauna,344.238,NA,NA,NA,Wald,201166156,201567957,NA,NA,NA,NA,NA,NA,NA,NA
31776,RESEX do Rio Cajari,National Park,5017.71,NA,NA,NA,Wald,201367127,NA,NA,NA,NA,NA,NA,NA,NA,NA
555576433,PE do Matupiri,PARQUE,5137.47,NA,NA,NA,Wald,201367127,NA,NA,NA,NA,NA,NA,NA,NA,NA
33613,PE de Corumbiara,ESEC,3840.55,NA,NA,NA,Wald,201367127,NA,NA,NA,NA,NA,NA,NA,NA,NA
41049,Kanuku Mountains,National Park,6110,NA,NA,NA,Savanne,200865444,201167063,NA,NA,NA,NA,NA,NA,NA,NA
41057_A,Shell Beach,National Park,1203,NA,NA,NA,Küste,200865444,201167063,NA,NA,NA,NA,NA,NA,NA,NA
33716,RESEX do Rio Paccás Novos,RESEX,3429.04,NA,NA,NA,Wald,201367127,NA,NA,NA,NA,NA,NA,NA,NA,NA
2215,PN de Anavilhanas,National Park,3500.18,Amazônia Central,Central Amazon Conservation Complex,NA,Wald,201367127,NA,NA,NA,NA,NA,NA,NA,NA,NA
131,Paramillo,National Park,4600,NA,NA,NA,Wald,201265685,NA,NA,NA,NA,NA,NA,NA,NA,NA
352138,RDS Uacari,RDS,6329.49,NA,NA,NA,Wald,201367127,NA,NA,NA,NA,NA,NA,NA,NA,NA
478539,RDS do Juma,RDS,5896.11,NA,NA,NA,Wald,201367127,NA,NA,NA,NA,NA,NA,NA,NA,NA
198351,PN Serra da Mocidade,National Park,3509.6,NA,NA,NA,Wald,201367127,NA,NA,NA,NA,NA,NA,NA,NA,NA
18740,Tupiniquins,National Park,17.28,NA,NA,NA,Küste,209810961,NA,NA,NA,NA,NA,NA,NA,NA,NA
555576417,APA Marinha Litoral Centro,National Park,38.23,NA,NA,NA,Wald,209810961,NA,NA,NA,NA,NA,NA,NA,NA,NA
351842,PE Chandless,PARQUE,6953.03,NA,NA,NA,Wald,201367127,NA,NA,NA,NA,NA,NA,NA,NA,NA
351785,RESEX Riozinho do Anfrísio,National Park,7363.41,NA,NA,NA,Wald,201367127,NA,NA,NA,NA,NA,NA,NA,NA,NA
555576387,APA Marinha Litoral Sul,National Park,3651.97,NA,NA,NA,Wald,209810961,NA,NA,NA,NA,NA,NA,NA,NA,NA
555576393,RDS Rio Madeira,RESEX,2831.17,NA,NA,NA,Wald,201367127,NA,NA,NA,NA,NA,NA,NA,NA,NA
555582979,Islas de la Bahía,National Park,6471.52,NA,NA,NA,Meer,201165984,NA,NA,NA,NA,NA,NA,NA,NA,NA
19484,Área de Proteção Ambiental Cananéia-Iguape-Peruíbe,National Park,2023,NA,NA,NA,Wald,209810961,NA,NA,NA,NA,NA,NA,NA,NA,NA
555576236,RDS Igapó-Açu,RESEX,3975.57,NA,NA,NA,Wald,201367127,NA,NA,NA,NA,NA,NA,NA,NA,NA
41014,Río Plátano,National Park,8323.32,Río Plátano,Río Plátano Biosphere Reserve,NA,Wald,201670124,NA,NA,NA,NA,NA,NA,NA,NA,NA
57,PN do Cabo Orange,National Park,6190,NA,NA,Cabo Orange National Park,Wald,201367127,NA,NA,NA,NA,NA,NA,NA,NA,NA
351830,RESEX do Rio Iriri,National Park,3989.38,NA,NA,NA,Wald,201367127,NA,NA,NA,NA,NA,NA,NA,NA,NA
351776,RESEX Tapajós-Arapiuns,National Park,6476.11,NA,NA,NA,Wald,201367127,NA,NA,NA,NA,NA,NA,NA,NA,NA
351818,PN do Jamanxim,National Park,8526.16,NA,NA,NA,Wald,201367127,NA,NA,NA,NA,NA,NA,NA,NA,NA
101761,RDS do Rio Iratapuru,RDS,8061.84,NA,NA,NA,Wald,201367127,NA,NA,NA,NA,NA,NA,NA,NA,NA
478419,PN Nascentes do Lago Jari,National Park,8121.41,NA,NA,NA,Wald,201367127,NA,NA,NA,NA,NA,NA,NA,NA,NA
478421,RESEX Ituxi,National Park,7769.4,NA,NA,NA,Wald,201367127,NA,NA,NA,NA,NA,NA,NA,NA,NA
351819,PN do Rio Novo,National Park,5377.57,NA,NA,NA,Wald,201367127,NA,NA,NA,NA,NA,NA,NA,NA,NA
352156,PE do Sucunduri,PARQUE,8083.12,NA,NA,NA,Wald,201367127,NA,NA,NA,NA,NA,NA,NA,NA,NA
130,Sierra de la Macarena,National Park,6300,NA,NA,NA,Wald,201265685,NA,NA,NA,NA,NA,NA,NA,NA,NA
30622,Cayos Miskitos,Reserva Biológica,13060.57,NA,NA,NA,Meer,201768464,NA,NA,NA,NA,NA,NA,NA,NA,NA
31752,RB do Uatumã,National Park,9403.58,NA,NA,NA,Wald,201367127,NA,NA,NA,NA,NA,NA,NA,NA,NA
351786,RESEX Verde para Sempre,National Park,12887.17,NA,NA,NA,Wald,201367127,NA,NA,NA,NA,NA,NA,NA,NA,NA
31775,RESEX Chico Mendes,National Park,9705.7,NA,NA,NA,Wald,201367127,NA,NA,NA,NA,NA,NA,NA,NA,NA
351758,Nascentes do Rio Parnaíba,National Park,7243.24,NA,NA,NA,Savanne,209810854,NA,NA,NA,NA,NA,NA,NA,NA,NA
351756,RESEX do Cazumbá-Iracema,National Park,7507.95,NA,NA,NA,Wald,201367127,NA,NA,NA,NA,NA,NA,NA,NA,NA
478420,RESEX do Médio Purus,National Park,6042.09,NA,NA,NA,Wald,201367127,NA,NA,NA,NA,NA,NA,NA,NA,NA
26621,Reserva de la Biósfera Maya,National Park,21602,Reserva de la Biósfera Maya,NA,NA,Wald,200866657,NA,NA,NA,NA,NA,NA,NA,NA,NA
10830,EE Juami-Japurá,National Park,5726.5,Amazônia Central,NA,NA,Wald,201367127,NA,NA,NA,NA,NA,NA,NA,NA,NA
352136,RDS Piagaçu-Purus,RDS,10081.67,NA,NA,NA,Wald,201367127,NA,NA,NA,NA,NA,NA,NA,NA,NA
351832,RESEX Rio Unini,National Park,8333.52,NA,NA,NA,Wald,201367127,NA,NA,NA,NA,NA,NA,NA,NA,NA
19275,PN da Serra do Divisor,National Park,8466.33,NA,NA,NA,Wald,201367127,NA,NA,NA,NA,NA,NA,NA,NA,NA
351833,PN dos Campos Amazônicos,National Park,9613.2,NA,NA,NA,Wald,201367127,NA,NA,NA,NA,NA,NA,NA,NA,NA
352202,RB de Maicuru,ESEC,11517.61,NA,NA,NA,Wald,201367127,NA,NA,NA,NA,NA,NA,NA,NA,NA
95320,Mamirauá,National Park,11240,NA,Central Amazon Conservation Complex,Mamirauá,Wald,201367127,NA,NA,NA,NA,NA,NA,NA,NA,NA
352139,RDS do Cujubim,RDS,24503.82,NA,NA,NA,Wald,201367127,NA,NA,NA,NA,NA,NA,NA,NA,NA
53,PN do Jaú,National Park,22720,Amazônia Central,Central Amazon Conservation Complex,NA,Wald,201367127,NA,NA,NA,NA,NA,NA,NA,NA,NA
351839,PN do Juruena,National Park,19570,NA,NA,NA,Wald,201367127,NA,NA,NA,NA,NA,NA,NA,NA,NA
352134,RDS do Amanã,RDS,23500,NA,NA,NA,Wald,201367127,NA,NA,NA,NA,NA,NA,NA,NA,NA
351711,EE da Terra do Meio,National Park,33731.11,NA,NA,NA,Wald,201367127,NA,NA,NA,NA,NA,NA,NA,NA,NA
351784,PN Montanhas do Tumucumaque,National Park,38670,NA,NA,NA,Wald,201367127,NA,NA,NA,NA,NA,NA,NA,NA,NA
107620,Cuenca Alimentadora del Distrito Nacional de Riego,Área de Protección de Flora y Fauna,1519385,NA,NA,NA,Wald,201166156,201567957,NA,NA,NA,NA,NA,NA,NA,NA
352198,EE Grão Pará,PARQUE,42458.19,NA,NA,NA,Wald,201367127,NA,NA,NA,NA,NA,NA,NA,NA,NA
55544090,"Sistema de Islas, Islotes y Puntas Guaneras",National Park,141,NA,NA,NA,Küste,201066661,NA,NA,NA,NA,NA,NA,NA,NA,NA
15961,Itacolomi,PARQUE,59.96,NA,NA,NA,Hochgebirge,199867219,NA,NA,NA,NA,NA,NA,NA,NA,NA
555542778,Rio Doce,PARQUE,359.73,NA,NA,Rio Doce State Park,Wald,199867219,NA,NA,NA,NA,NA,NA,NA,NA,NA
3219,Rio Doce,Parque Estadual,359.46,NA,NA,NA,Wald,199867219,NA,NA,NA,NA,NA,NA,NA,NA,NA
351912,Serra São José,Área de Proteção Ambiental,46.74,NA,NA,NA,Savanne,199867219,NA,NA,NA,NA,NA,NA,NA,NA,NA
478520,Uaimii,Floresta Estadual,44.43,NA,NA,NA,Wald,199867219,NA,NA,NA,NA,NA,NA,NA,NA,NA
352053,Serra Do Rola Moça,Parque Estadual,41.02,NA,NA,NA,Wald,199867219,NA,NA,NA,NA,NA,NA,NA,NA,NA
352045,Pico Do Itambé,Parque Estadual,65.21,NA,NA,NA,Wald,199867219,NA,NA,NA,NA,NA,NA,NA,NA,NA
33562,Cachoeira Das Andorinhas,Área de Proteção Ambiental,142.7,NA,NA,NA,Wald,199867219,NA,NA,NA,NA,NA,NA,NA,NA,NA
69,Caparaó,Parque Nacional,317.63,NA,NA,NA,Savanne,199867219,NA,NA,NA,NA,NA,NA,NA,NA,NA
31,Noel Kempff Mercado,Parque Nacional,16467.56,NA,Parc national Noel Kempff Mercado,NA,Wald,199065244,NA,NA,NA,NA,NA,NA,NA,NA,NA
9779,Amboró,Parque Nacional,4413.11,NA,NA,NA,Wald,199065244,NA,NA,NA,NA,NA,NA,NA,NA,NA
303884,Kaa-iya del Gran Chaco,Area Natural de Manejo Integrado y Parque Nacional,34677.3,NA,NA,NA,Savanne,199065244,NA,NA,NA,NA,NA,NA,NA,NA,NA
220263,Sumaco,Reserva de la Biosfera,2052.49,Sumaco,NA,NA,Wald,199867003,NA,NA,NA,NA,NA,NA,NA,NA,NA
81072,Sumaco Napo-Galeras,Parque Nacional,2061.62,Sumaco,NA,NA,Wald,199867003,200165472,NA,NA,NA,NA,NA,NA,NA,NA
555682900,Das Lauráceas,Parque Estadual,97,NA,NA,NA,Wald,199566357,NA,NA,NA,NA,NA,NA,NA,NA,NA
555682905,Pico Marumbi,Parque Estadual,23.42,NA,NA,NA,Wald,199566357,NA,NA,NA,NA,NA,NA,NA,NA,NA
555599933,Guaratuba,Área De Proteção Ambiental Estadual,1993.68,NA,NA,Guaratuba,Wald,199566357,NA,NA,NA,NA,NA,NA,NA,NA,NA
15987,Desengano,Parque Estadual,214.04,NA,NA,NA,Wald,200065086,NA,NA,NA,NA,NA,NA,NA,NA,NA
555682914,Pedra Branca,Parque Estadual,125,NA,NA,NA,Wald,200065086,NA,NA,NA,NA,NA,NA,NA,NA,NA
478586,Ilha Grande,Parque Estadual,120.92,NA,NA,NA,Wald,200065086,NA,NA,NA,NA,NA,NA,NA,NA,NA
555636587,Serra Da Tiririca,Parque Estadual,34.91,NA,NA,NA,Wald,200065086,NA,NA,NA,NA,NA,NA,NA,NA,NA
555599930,Aventureiro,Reserva de Desenvolvimento Sustentável,19,NA,NA,NA,Küste und EEZ,200065086,NA,NA,NA,NA,NA,NA,NA,NA,NA
352122,Serra da Concórdia,Parque Estadual,10.41,NA,NA,NA,Wald,200065086,NA,NA,NA,NA,NA,NA,NA,NA,NA
39855,Guaratiba,Reserva Biológica Estadual,33.61,NA,NA,NA,Küste und EEZ,200065086,NA,NA,NA,NA,NA,NA,NA,NA,NA
15981,Araras,Reserva Biológica,38.38,NA,NA,NA,Wald,200065086,NA,NA,NA,NA,NA,NA,NA,NA,NA
555599927,Praia Do Sul,Reserva Biológica Estadual,32.67,NA,NA,NA,Wald,200065086,NA,NA,NA,NA,NA,NA,NA,NA,NA
NA,Juatinga,Reserva Ecológica Estadual,99.6,NA,NA,NA,Wald,200065086,NA,NA,NA,NA,NA,NA,NA,NA,NA
19481,Massambaba,Área De Proteção Ambiental,91.24,NA,NA,NA,Wald,200065086,NA,NA,NA,NA,NA,NA,NA,NA,NA
555682915,Três Picos,Parque Estadual,466,NA,NA,NA,Wald,200065086,NA,NA,NA,NA,NA,NA,NA,NA,NA
352126,Guaxindiba,Estação Ecológica Estadual,32.59,NA,NA,NA,Wald,200065086,NA,NA,NA,NA,NA,NA,NA,NA,NA
220296,Complexe de conservation de l’Amazonie centrale,World Heritage Site,52320.18,Complexe de conservation de l’Amazonie centrale,Complexe de conservation de l’Amazonie centrale,NA,Wald,200165092,NA,NA,NA,NA,NA,NA,NA,NA,NA
53,Jaú,Parque Nacional,23673.4,NA,NA,NA,Wald,200165092,NA,NA,NA,NA,NA,NA,NA,NA,NA
19769,Mamirauá,Reserva De Desenvolvimento Sustentável,13199.4,NA,NA,Mamirauá,Wald,200165092,NA,NA,NA,NA,NA,NA,NA,NA,NA
2215,Parque Nacional De Anavilhanas,Parque,3502.36,NA,NA,Anavilhanas National Park,Wald,200165092,NA,NA,NA,NA,NA,NA,NA,NA,NA
352134,Reserva De Desenvolvimento Sustentável Amanã,Reserva De Desenvolvimento Sustentável,23034.6,NA,NA,NA,Wald,200165092,NA,NA,NA,NA,NA,NA,NA,NA,NA
198353,Parque Nacional Pau Brasil,Parque,189.34,NA,Discovery Coast Atlantic Forest Reserves,NA,Wald,200165092,NA,NA,NA,NA,NA,NA,NA,NA,NA
198352,Parque Nacional Do Descobrimento,Parque,226.94,NA,Discovery Coast Atlantic Forest Reserves,NA,Wald,200165092,NA,NA,NA,NA,NA,NA,NA,NA,NA
68,Parque Nacional Do Monte Pascoal,Parque,222.4,NA,Discovery Coast Atlantic Forest Reserves,NA,Wald,200165092,NA,NA,NA,NA,NA,NA,NA,NA,NA
478068,Armando Bermúdez,Parque Nacional,802.55,NA,NA,NA,Wald,200166090,NA,NA,NA,NA,NA,NA,NA,NA,NA
478101,José del Carmen Ramírez,Parque Nacional,749.72,NA,NA,NA,Wald,200166090,NA,NA,NA,NA,NA,NA,NA,NA,NA
478142,Valle Nuevo,Parque Nacional,906.31,NA,NA,NA,Wald,200166090,NA,NA,NA,NA,NA,NA,NA,NA,NA
478089,Ébano Verde,Reserva Cientifica,29.9,NA,NA,NA,Wald,200166090,NA,NA,NA,NA,NA,NA,NA,NA,NA
478130,Nalga de Maco,Parque Nacional,165.82,NA,NA,NA,Wald,200166090,200565689,NA,NA,NA,NA,NA,NA,NA,NA
103168,Yum Balam,Área de Protección de Flora y Fauna,1540.52,NA,NA,Área de Protección de Flora y Fauna Yum Balam,Küste und EEZ,200766667,NA,NA,NA,NA,NA,NA,NA,NA,NA
220100,Port Honduras,Marine Reserve,409.14,NA,NA,NA,Küste und EEZ,200766667,NA,NA,NA,NA,NA,NA,NA,NA,NA
12564,Punta de Manabique,Refugio de Vida Silvestre,1527.97,NA,NA,Punta de Manabique,Küste und EEZ,200766667,NA,NA,NA,NA,NA,NA,NA,NA,NA
108043,"Santuario del Manatí, Bahía de Chetumal",Zona Sujeta a Conservación Ecológica,2773.17,NA,NA,NA,Küste und EEZ,201066836,NA,NA,NA,NA,NA,NA,NA,NA,NA
301909,Corozal Bay,Wildlife Sanctuary,730.46,NA,NA,NA,Küste und EEZ,201066836,NA,NA,NA,NA,NA,NA,NA,NA,NA
99652,South Water Caye Marine Reserve,Marine Reserve,477.02,NA,Belize Barrier Reef Reserve System (BBRRS),NA,Küste und EEZ,201066836,NA,NA,NA,NA,NA,NA,NA,NA,NA
903037,Reserva de Usos Múltiples Río Sarstún,Reserva de Usos Múltiples,352.02,NA,NA,Reserva de Usos Múltiples Río Sarstún,Wald,201066836,NA,NA,NA,NA,NA,NA,NA,NA,NA
62052,Turtle Harbour,Refugio de Vida Silvestre,9.29,NA,NA,NA,Wald,201066836,NA,NA,NA,NA,NA,NA,NA,NA,NA
555577548,Bosques de Neblina y Páramos de Samanga,Área de Conservación Privada,28.88,NA,NA,NA,Wald,200866285,NA,NA,NA,NA,NA,NA,NA,NA,NA
555623651,Lagunas y Páramos de Andinos de San José de Tapal,Área de Conservación Privada,9.08,NA,NA,NA,Savanne,200866285,NA,NA,NA,NA,NA,NA,NA,NA,NA
555623649,Cavernas de Leo,Área de Conservación Privada,0.13,NA,NA,NA,Wald,200866285,NA,NA,NA,NA,NA,NA,NA,NA,NA
555637429,Vista Alegre-Omia,Área de Conservación Regional,489.45,NA,NA,NA,Wald,200866285,NA,NA,NA,NA,NA,NA,NA,NA,NA
555637428,Bosques Tropicales Estacionalmente Secos del Marañón,Área de Conservación Regional,139.29,NA,NA,NA,Wald,200866285,NA,NA,NA,NA,NA,NA,NA,NA,NA
555643522,Bosques de Shunté y Mishollo,Área de Conservación Regional,1914.06,NA,NA,NA,Wald,200866285,NA,NA,NA,NA,NA,NA,NA,NA,NA
12215,los Manglares de Tumbes,Santuario Nacional,29.27,Noroeste Amotapes-Manglares,NA,Santuario Nacional Los Manglares de Tumbes,Küste und EEZ,200866285,200266908,199765777,NA,NA,NA,NA,NA,NA,NA
98158,de Tumbes,Reserva Nacional,192.67,NA,NA,NA,Wald,200866285,NA,NA,NA,NA,NA,NA,NA,NA,NA
555623629,Bosques Secos de Salitral - Huarmaca,Área de Conservación Regional,288.12,NA,NA,NA,Wald,200866285,200266908,NA,NA,NA,NA,NA,NA,NA,NA
555555662,Bosque Moyán - Palacio,Área de Conservación Regional,84.58,NA,NA,NA,Wald,200866285,200266908,NA,NA,NA,NA,NA,NA,NA,NA
20187,Laquipampa,Refugio de Vida Silvestre,832.86,NA,NA,NA,Wald,200866285,NA,NA,NA,NA,NA,NA,NA,NA,NA
555555630,Chaparrí,Área de Conservación Privada,344.12,NA,NA,NA,Wald,200866285,NA,NA,NA,NA,NA,NA,NA,NA,NA
303319,Bosque de Pómac,Santuario Histórico,58.87,NA,NA,NA,Steppe,200866285,NA,NA,NA,NA,NA,NA,NA,NA,NA
555555661,Bosque Huacrupe - La Calera (Las Panguanas 4),Área de Conservación Regional,72.72,NA,NA,NA,Wald,200866285,NA,NA,NA,NA,NA,NA,NA,NA,NA
30061,El Angolo,Coto de Caza,650,Noroeste Amotapes-Manglares,NA,NA,Wald,200866285,NA,NA,NA,NA,NA,NA,NA,NA,NA
259,Cerros de Amotape,Parque Nacional,1517.67,Noroeste Amotapes-Manglares,NA,NA,Wald,200866285,200266908,NA,NA,NA,NA,NA,NA,NA,NA
555555656,Angostura Faical (Las Panguanas 3),Área de Conservación Regional,87.95,NA,NA,NA,Wald,200866285,200266908,NA,NA,NA,NA,NA,NA,NA,NA
20179,Cordillera de Colán,Santuario Nacional,392.16,NA,NA,NA,Wald,200866285,NA,NA,NA,NA,NA,NA,NA,NA,NA
555544088,Chayu Nain,Reserva Comunal,235.98,NA,NA,NA,Wald,200866285,NA,NA,NA,NA,NA,NA,NA,NA,NA
555544099,Río Nieva,Zona Reservada,363.48,NA,NA,NA,Wald,200866285,NA,NA,NA,NA,NA,NA,NA,NA,NA
555555664,Copallín,Área de Conservación Privada,115.49,NA,NA,NA,Wald,200866285,NA,NA,NA,NA,NA,NA,NA,NA,NA
555555639,Abra Patricia - Alto Nieva,Área de Conservación Privada,14.16,NA,NA,NA,Wald,200866285,NA,NA,NA,NA,NA,NA,NA,NA,NA
555555660,Hierba Buena - Allpayacu,Área de Conservación Privada,22.82,NA,NA,NA,Wald,200866285,NA,NA,NA,NA,NA,NA,NA,NA,NA
20183,Alto Mayo,Bosque de Protección,18.2,NA,NA,NA,Wald,200866285,199566829,NA,NA,NA,NA,NA,NA,NA,NA
555555655,Juningue,Área de Conservación Privada,0.39,NA,NA,NA,Wald,200866285,NA,NA,NA,NA,NA,NA,NA,NA,NA
555555619,Cordillera Escalera,Área de Conservación Regional,1498.7,NA,NA,NA,Wald,200866285,NA,NA,NA,NA,NA,NA,NA,NA,NA
555555646,Tambo Ilusión,Área de Conservación Privada,0.14,NA,NA,NA,Wald,200866285,NA,NA,NA,NA,NA,NA,NA,NA,NA
303320,Cordillera Azul,Parque Nacional,13531.91,NA,NA,NA,Wald,200866285,200266908,NA,NA,NA,NA,NA,NA,NA,NA
7461,del Río Abiseo,Parque Nacional,2745.2,Gran Pajatén,Río Abiseo National Park,NA,Wald,200866285,200266908,199765777,NA,NA,NA,NA,NA,NA,NA
555555647,Tilacancha,Área de Conservación Privada,68,NA,NA,NA,Wald,200866285,NA,NA,NA,NA,NA,NA,NA,NA,NA
555555634,San Antonio,Área de Conservación Privada,3.75,NA,NA,NA,Wald,200866285,NA,NA,NA,NA,NA,NA,NA,NA,NA
555555631,Huiquilla,Área de Conservación Privada,11.41,NA,NA,NA,Wald,200866285,NA,NA,NA,NA,NA,NA,NA,NA,NA
555555669,Huaylla Belén - Colcamar,Área de Conservación Privada,63.38,NA,NA,NA,Wald,200866285,NA,NA,NA,NA,NA,NA,NA,NA,NA
555555684,Bosque de Palmeras de la Comunidad Campesina Taulia Molinopampa,Área de Conservación Privada,109.21,NA,NA,NA,Wald,200866285,NA,NA,NA,NA,NA,NA,NA,NA,NA
2175,de Salinas y Aguada Blanca,Reserva Nacional,3669.36,NA,NA,NA,Hochgebirge,200866285,NA,NA,NA,NA,NA,NA,NA,NA,NA
555555622,Vilacota Maure (Berlin),Área de Conservación Regional,1243.13,NA,NA,NA,Hochgebirge,200866285,NA,NA,NA,NA,NA,NA,NA,NA,NA
12650,Bosawas,Reserva Natural,7441.9,Bosawás,NA,NA,Wald,199865056,NA,NA,NA,NA,NA,NA,NA,NA,NA
98183,Madidi,Parque Nacional,12752.51,NA,NA,NA,Wald,199966649,200466458,NA,NA,NA,NA,NA,NA,NA,NA
98182,Cotapata,Parque Nacional y Area Natural de Manejo Integrado,612.66,NA,NA,NA,Wald,199966649,200466458,NA,NA,NA,NA,NA,NA,NA,NA
33,Sajama,Parque Nacional,949.4,NA,NA,NA,Hochgebirge,199966649,200466458,NA,NA,NA,NA,NA,NA,NA,NA
20041,Tariquía,Reserva Nacional de Flora y Fauna,2472.58,NA,NA,NA,Wald,199966649,200466458,NA,NA,NA,NA,NA,NA,NA,NA
36,Eduardo Avaroa,Reserva Nacional de Fauna Andina,6806.44,NA,NA,Los Lípez,Hochgebirge,199966649,200466458,NA,NA,NA,NA,NA,NA,NA,NA
303893,Apolobamba,Area Natural de Manejo Integado Nacional,4737.96,Apolobamba National Natural Area of Integrated Management Biosphere Reserve,NA,NA,Savanne,200466458,NA,NA,NA,NA,NA,NA,NA,NA,NA
20011,Pilón Lajas,Reserva de la Biósfera y Territorio Indígena,3858.5,Pilón Lajas Biosphere Reserve,NA,NA,Wald,200466458,NA,NA,NA,NA,NA,NA,NA,NA,NA
35,Manuripi,Reserva Nacional de Vida Silvestre Amazónica,7463.62,NA,NA,NA,Wald,200466458,NA,NA,NA,NA,NA,NA,NA,NA,NA
303315,Nor Yauyos - Cochas,Reserva Paisajistica,2212.68,NA,NA,NA,Hochgebirge,200266908,NA,NA,NA,NA,NA,NA,NA,NA,NA
257,del Manu,Parque Nacional,17162.95,Reserva de la Biósfera del Manu,NA,NA,Wald,200266908,NA,NA,NA,NA,NA,NA,NA,NA,NA
253,del Titicaca,Reserva Nacional,361.8,NA,NA,del Titicaca,Binnengewässer,200266908,199765777,NA,NA,NA,NA,NA,NA,NA,NA
252,de Junín,Reserva Nacional,530,NA,NA,Reserva Nacional de Junín,Steppe,200266908,NA,NA,NA,NA,NA,NA,NA,NA,NA
12213,Yanachaga - Chemillén,Parque Nacional,1220,NA,NA,NA,Wald,200266908,NA,NA,NA,NA,NA,NA,NA,NA,NA
303323,Otishi,Parque Nacional,3059.73,NA,NA,NA,Wald,200266908,NA,NA,NA,NA,NA,NA,NA,NA,NA
254,de Lachay,Reserva Nacional,50.7,NA,NA,NA,Steppe,200266908,199765777,NA,NA,NA,NA,NA,NA,NA,NA
264,Chacamarca,Santuario Histórico,25,NA,NA,NA,Steppe,200266908,NA,NA,NA,NA,NA,NA,NA,NA,NA
255,de Huayllay,Santuario Nacional,68.15,NA,NA,NA,Hochgebirge,200266908,NA,NA,NA,NA,NA,NA,NA,NA,NA
303317,Amarakaeri,Reserva Comunal,4023.36,NA,NA,NA,Wald,200266908,NA,NA,NA,NA,NA,NA,NA,NA,NA
30040,Yanesha,Reserva Comunal,347.45,Oxapampa - Ashaninka - Yanesha,NA,NA,Wald,200266908,NA,NA,NA,NA,NA,NA,NA,NA,NA
20182,de San Matías - San Carlos,Bosque de Protección,1458.18,NA,NA,NA,Wald,200266908,NA,NA,NA,NA,NA,NA,NA,NA,NA
2175,de Salinas y Aguada Blanca,Reserva Nacional,3669.36,NA,NA,NA,Steppe,200266908,NA,NA,NA,NA,NA,NA,NA,NA,NA
20178,Tabaconas - Namballe,Santuario Nacional,321.25,NA,NA,NA,Wald,200266908,NA,NA,NA,NA,NA,NA,NA,NA,NA
303322,Machiguenga,Reserva Comunal,2189.06,NA,NA,NA,Wald,200266908,NA,NA,NA,NA,NA,NA,NA,NA,NA
303318,Asháninka,Reserva Comunal,1844.68,NA,NA,NA,Wald,200266908,NA,NA,NA,NA,NA,NA,NA,NA,NA
10747,Huascarán National Park,Parque Nacional,3400,Huascarán Biosphere Reserve,Huascarán National Park,NA,Hochgebirge,199765777,NA,NA,NA,NA,NA,NA,NA,NA,NA
303705,Cordillera Huayhuash,Zona Reservada,675.9,NA,NA,NA,Hochgebirge,200466094,NA,NA,NA,NA,NA,NA,NA,NA,NA
351875,Parque Estadual Acarai,Parque,66.66,NA,NA,NA,Wald,200066340,NA,NA,NA,NA,NA,NA,NA,NA,NA
16081,Parque Estadual Serra do Tabuleiro,Parque,839.08,NA,NA,NA,Wald,200066340,NA,NA,NA,NA,NA,NA,NA,NA,NA
16078,Parque Estadual Da Serra Furada,Parque,14.71,NA,NA,NA,Wald,200066340,NA,NA,NA,NA,NA,NA,NA,NA,NA
19421,Reserva Biológica Estadual Do Aguaí,Reserva Biológica,78.54,NA,NA,NA,Wald,200066340,NA,NA,NA,NA,NA,NA,NA,NA,NA
478555,Reserva Biologica Estadual Do Sassafras,Reserva Biológica,50.67,NA,NA,NA,Wald,200066340,NA,NA,NA,NA,NA,NA,NA,NA,NA
5002,Río Plátano,Biosphere Reserve,5000,Río Plátano Biosphere Reserve,Río Plátano Biosphere Reserve,NA,Wald,200666131,NA,NA,NA,NA,NA,NA,NA,NA,NA
900715,Jaragua - Bahoruco - Enriquillo,UNESCO-MAB Biosphere Reserve,4767,Jaragua - Bahoruco - Enriquillo,NA,"Humedales de Jaragua, Lago Enriquillo",Wald,200565689,NA,NA,NA,NA,NA,NA,NA,NA,NA
555624132,Humedales de Jaragua,Parque Nacional,329.79,Jaragua - Bahoruco - Enriquillo,NA,Humedales de Jaragua,Küste und EEZ,200565689,NA,NA,NA,NA,NA,NA,NA,NA,NA
6675,Sierra de Bahoruco,Parque Nacional,1091.77,Jaragua - Bahoruco - Enriquillo,NA,NA,Wald,200565689,NA,NA,NA,NA,NA,NA,NA,NA,NA
900786,Lago Enriquillo,Parque Nacional,200,Jaragua - Bahoruco - Enriquillo,NA,Lago Enriquillo,Binnengewässer,200565689,NA,NA,NA,NA,NA,NA,NA,NA,NA
478140,Sierra de Neiba,Parque Nacional,183,NA,NA,NA,Wald,200565689,NA,NA,NA,NA,NA,NA,NA,NA,NA
478085,Cerro de San Francisco,Monumento Natural,4.02,NA,NA,NA,Wald,200565689,NA,NA,NA,NA,NA,NA,NA,NA,NA
41049,Kanuku Mountains Protected Area,Managed Resource Use Area,61.1,NA,NA,NA,Wald,199865809,NA,NA,NA,NA,NA,NA,NA,NA,NA
41057,Shell Beach Protected Area,Managed Resource Use Area,31.77,NA,NA,NA,Wald,199865809,NA,NA,NA,NA,NA,NA,NA,NA,NA
351800,Reserva Extrativista Mapuá,Reserva Extrativista,937.59,NA,NA,NA,Wald,209810094,NA,NA,NA,NA,NA,NA,NA,NA,NA
352137,Reserva De Desenvolvimento Sustentável Rio Amapá,Reserva de Desenvolvimento Sustentável,2143.15,NA,NA,NA,Wald,209810094,NA,NA,NA,NA,NA,NA,NA,NA,NA
351777,Reserva Extrativista Auatí-Paraná,Reserva Extrativista,1469.49,NA,NA,NA,Wald,209810094,NA,NA,NA,NA,NA,NA,NA,NA,NA
351772,Reserva Extrativista Baixo Juruá,Reserva Extrativista,1780.39,NA,NA,NA,Wald,209810094,NA,NA,NA,NA,NA,NA,NA,NA,NA
352135,Reserva Extrativista Catuá-Ipixuna,Reserva Extrativista,2123.23,NA,NA,NA,Wald,209810094,NA,NA,NA,NA,NA,NA,NA,NA,NA
351756,Reserva Extrativista Do Cazumbá-Iracema,Reserva Extrativista,7556.51,NA,NA,NA,Wald,209810094,NA,NA,NA,NA,NA,NA,NA,NA,NA
351832,Reserva Extrativista Do Rio Unini,Reserva Extrativista,8496.86,NA,NA,NA,Wald,209810094,NA,NA,NA,NA,NA,NA,NA,NA,NA
351786,Reserva Extrativista Verde Para Sempre,Reserva Extrativista,12892.9,NA,NA,NA,Wald,209810094,NA,NA,NA,NA,NA,NA,NA,NA,NA
351759,Reserva Extrativista Alto Tarauacá,Reserva Extrativista,1541.33,NA,NA,NA,Wald,209810094,NA,NA,NA,NA,NA,NA,NA,NA,NA
351834,Reserva Extrativista Arapixi,Reserva Extrativista,1337.03,NA,NA,NA,Wald,209810094,NA,NA,NA,NA,NA,NA,NA,NA,NA
351749,Reserva Extrativista Barreiro Das Antas,Reserva Extrativista,1061.11,NA,NA,NA,Wald,209810094,NA,NA,NA,NA,NA,NA,NA,NA,NA
351767,Reserva Extrativista Do Lago Do Capanã Grande,Reserva Extrativista,3043.09,NA,NA,NA,Wald,209810094,NA,NA,NA,NA,NA,NA,NA,NA,NA
351802,Reserva Extrativista Ipaú-Anilzinho,Reserva Extrativista,558.34,NA,NA,NA,Wald,209810094,NA,NA,NA,NA,NA,NA,NA,NA,NA
351830,Reserva Extrativista Rio Iriri,Reserva Extrativista,3989.81,NA,NA,NA,Wald,209810094,NA,NA,NA,NA,NA,NA,NA,NA,NA
351713,Reserva Extrativista Riozinho Da Liberdade,Reserva Extrativista,3249.01,NA,NA,NA,Wald,209810094,NA,NA,NA,NA,NA,NA,NA,NA,NA
351785,Reserva Extrativista Riozinho Do Anfrísio,Reserva Extrativista,7370.22,NA,NA,NA,Wald,209810094,NA,NA,NA,NA,NA,NA,NA,NA,NA
351831,Reserva Extrativista Terra Grande Pracuuba,Reserva Extrativista,1948.57,NA,NA,NA,Wald,209810094,NA,NA,NA,NA,NA,NA,NA,NA,NA
115569,Paumari do Rio Ituxi,Terra Indígena,75.72,NA,NA,NA,Wald,209810094,NA,NA,NA,NA,NA,NA,NA,NA,NA
478422,Reserva Extrativista Rio Xingu,Reserva Extrativista,3030.02,NA,NA,NA,Wald,209810094,NA,NA,NA,NA,NA,NA,NA,NA,NA
